"","user_id","sad.depressed","prev_sad","media_24_friend","prox_24_friend","phase_adv","friends_received_sqrt"
"1",2,1,1,0,0,0,2.23606797749979
"2",2,0,1,0,0,0,2.23606797749979
"3",2,0,0,3,0,0,2.23606797749979
"4",2,0,0,0,0,0,2.23606797749979
"5",2,1,0,0,0,0,2.23606797749979
"6",2,0,1,0,0,0,2.23606797749979
"7",2,1,0,0,0,0,2.23606797749979
"8",2,1,0,0,0,0,2.23606797749979
"9",2,0,1,1,0,0,2.23606797749979
"10",2,1,0,2,0,0,2.23606797749979
"11",2,1,1,1,0,0,2.23606797749979
"12",2,0,1,1,0,0,2.23606797749979
"13",2,0,1,1,0,0,2.23606797749979
"14",2,1,0,0,0,0,2.23606797749979
"15",2,1,1,1,0,0,2.23606797749979
"16",2,1,1,4,0,0,2.23606797749979
"17",2,0,1,1,0,0,2.23606797749979
"18",2,0,0,0,0,0,2.23606797749979
"19",2,1,0,4,0,0,2.23606797749979
"20",2,1,0,4,0,0,2.23606797749979
"21",2,1,1,0,0,0,2.23606797749979
"22",2,1,1,2,0,0,2.23606797749979
"23",2,1,1,2,0,0,2.23606797749979
"24",2,1,1,2,0,0,2.23606797749979
"25",2,1,1,0,0,0,2.23606797749979
"26",2,1,1,1,0,0,2.23606797749979
"27",2,1,1,1,0,0,2.23606797749979
"28",2,1,1,1,0,0,2.23606797749979
"29",2,0,1,0,0,0,2.23606797749979
"30",2,0,1,0,0,0,2.23606797749979
"31",2,0,1,0,0,0,2.23606797749979
"32",2,0,0,0,0,0,2.23606797749979
"33",2,1,0,2,0,0,2.23606797749979
"34",2,0,1,0,0,0,2.23606797749979
"35",2,0,0,0,0,0,2.23606797749979
"36",2,1,0,0,0,0,2.23606797749979
"37",2,1,1,0,0,0,2.23606797749979
"38",2,0,1,0,0,0,2.23606797749979
"39",2,1,0,0,0,0,2.23606797749979
"40",2,0,1,0,0,0,2.23606797749979
"41",2,0,0,0,0,0,2.23606797749979
"42",2,0,0,2,0,0,2.23606797749979
"43",2,0,0,2,0,0,2.23606797749979
"44",2,0,0,0,0,0,2.23606797749979
"45",2,0,0,1,0,0,2.23606797749979
"46",2,0,0,1,0,0,2.23606797749979
"47",2,0,0,0,0,0,2.23606797749979
"48",2,1,0,0,0,0,2.23606797749979
"49",2,0,1,0,0,0,2.23606797749979
"50",2,1,1,1,0,0,2.23606797749979
"51",2,1,1,1,0,0,2.23606797749979
"52",2,1,1,1,0,0,2.23606797749979
"53",2,1,1,2,0,0,2.23606797749979
"54",2,1,1,1,0,0,2.23606797749979
"55",2,1,1,0,0,0,2.23606797749979
"56",2,1,1,0,0,0,2.23606797749979
"57",2,1,1,0,0,0,2.23606797749979
"58",2,0,1,2,0,0,2.23606797749979
"59",2,0,0,0,0,0,2.23606797749979
"60",2,0,0,5,0,0,2.23606797749979
"61",2,0,0,4,0,0,2.23606797749979
"62",2,0,0,0,0,0,2.23606797749979
"63",2,0,0,2,0,0,2.23606797749979
"64",2,1,0,2,0,0,2.23606797749979
"65",2,1,1,1,0,0,2.23606797749979
"66",2,1,1,0,0,0,2.23606797749979
"67",2,1,1,0,0,0,2.23606797749979
"68",2,0,1,0,0,0,2.23606797749979
"69",2,0,0,0,0,0,2.23606797749979
"70",2,0,0,0,0,0,2.23606797749979
"71",2,0,0,0,0,0,2.23606797749979
"72",2,0,0,1,0,0,2.23606797749979
"73",2,0,0,0,0,0,2.23606797749979
"74",2,0,0,0,0,0,2.23606797749979
"75",2,0,0,0,0,0,2.23606797749979
"76",2,0,0,0,0,0,2.23606797749979
"77",2,1,0,2,0,0,2.23606797749979
"78",2,1,1,9,0,0,2.23606797749979
"79",2,1,1,4,0,0,2.23606797749979
"80",2,0,1,0,0,0,2.23606797749979
"81",2,0,0,5,0,0,2.23606797749979
"82",2,0,0,4,0,0,2.23606797749979
"83",2,0,0,5,0,0,2.23606797749979
"84",2,0,0,2,0,0,2.23606797749979
"85",2,0,0,6,0,0,2.23606797749979
"86",2,0,0,0,0,0,2.23606797749979
"87",2,0,0,3,0,0,2.23606797749979
"88",2,0,0,0,0,0,2.23606797749979
"89",2,0,0,0,0,0,2.23606797749979
"90",2,0,0,3,0,0,2.23606797749979
"91",2,0,0,0,0,0,2.23606797749979
"92",2,0,0,0,0,0,2.23606797749979
"93",2,0,0,0,0,0,2.23606797749979
"94",4,0,0,2,3,0,2.82842712474619
"95",4,0,0,1,0,0,2.82842712474619
"96",4,0,0,26,11,0,2.82842712474619
"97",4,0,0,10,56,0,2.82842712474619
"98",4,0,0,1,84,0,2.82842712474619
"99",4,0,0,8,16,0,2.82842712474619
"100",4,0,0,1,6,0,2.82842712474619
"101",4,0,0,7,32,0,2.82842712474619
"102",4,0,0,1,39,0,2.82842712474619
"103",4,0,0,11,7,0,2.82842712474619
"104",4,0,0,2,91,0,2.82842712474619
"105",4,0,0,6,26,0,2.82842712474619
"106",4,0,0,6,26,0,2.82842712474619
"107",4,0,0,4,59,0,2.82842712474619
"108",4,0,0,4,90,0,2.82842712474619
"109",4,0,0,19,8,0,2.82842712474619
"110",4,0,0,7,2,0,2.82842712474619
"111",4,0,0,3,3,0,2.82842712474619
"112",4,0,0,11,4,0,2.82842712474619
"113",4,0,0,0,2,0,2.82842712474619
"114",4,0,0,11,9,0,2.82842712474619
"115",4,0,0,0,0,0,2.82842712474619
"116",4,0,0,0,1,0,2.82842712474619
"117",4,0,0,7,3,0,2.82842712474619
"118",4,0,0,3,91,0,2.82842712474619
"119",4,0,0,4,86,0,2.82842712474619
"120",4,0,0,4,17,0,2.82842712474619
"121",4,0,0,0,14,0,2.82842712474619
"122",4,0,0,0,9,0,2.82842712474619
"123",4,0,0,0,9,0,2.82842712474619
"124",4,0,0,0,14,0,2.82842712474619
"125",4,0,0,9,22,0,2.82842712474619
"126",4,0,0,5,13,0,2.82842712474619
"127",4,0,0,0,13,0,2.82842712474619
"128",4,0,0,3,47,0,2.82842712474619
"129",4,0,0,3,47,0,2.82842712474619
"130",4,0,0,3,47,0,2.82842712474619
"131",4,0,0,22,14,0,2.82842712474619
"132",4,0,0,4,3,0,2.82842712474619
"133",4,0,0,4,3,0,2.82842712474619
"134",4,0,0,3,151,0,2.82842712474619
"135",4,0,0,12,90,0,2.82842712474619
"136",4,0,0,15,133,0,2.82842712474619
"137",4,0,0,6,84,0,2.82842712474619
"138",4,0,0,2,0,0,2.82842712474619
"139",4,0,0,14,152,0,2.82842712474619
"140",4,0,0,0,1,0,2.82842712474619
"141",4,0,0,7,4,0,2.82842712474619
"142",4,0,0,2,16,0,2.82842712474619
"143",4,0,0,0,11,0,2.82842712474619
"144",4,0,0,6,3,0,2.82842712474619
"145",4,0,0,26,10,0,2.82842712474619
"146",4,0,0,20,13,0,2.82842712474619
"147",4,0,0,3,66,0,2.82842712474619
"148",4,0,0,7,136,0,2.82842712474619
"149",4,0,0,4,1,0,2.82842712474619
"150",4,0,0,3,122,0,2.82842712474619
"151",4,0,0,3,123,0,2.82842712474619
"152",4,0,0,2,83,0,2.82842712474619
"153",4,0,0,1,95,0,2.82842712474619
"154",4,0,0,8,93,0,2.82842712474619
"155",4,0,0,11,2,0,2.82842712474619
"156",4,0,0,14,0,0,2.82842712474619
"157",4,0,0,7,0,0,2.82842712474619
"158",4,0,0,0,0,0,2.82842712474619
"159",4,0,0,1,0,0,2.82842712474619
"160",4,0,0,6,119,0,2.82842712474619
"161",4,0,0,5,180,0,2.82842712474619
"162",4,0,0,0,56,0,2.82842712474619
"163",4,0,0,0,133,0,2.82842712474619
"164",4,0,0,5,186,0,2.82842712474619
"165",4,0,0,5,132,0,2.82842712474619
"166",4,0,0,7,124,0,2.82842712474619
"167",4,1,0,5,83,0,2.82842712474619
"168",4,0,1,0,0,0,2.82842712474619
"169",4,0,1,0,0,0,2.82842712474619
"170",4,0,0,1,1,0,2.82842712474619
"171",4,0,0,1,4,0,2.82842712474619
"172",4,0,0,1,4,0,2.82842712474619
"173",4,0,0,0,82,0,2.82842712474619
"174",4,0,0,9,24,0,2.82842712474619
"175",4,0,0,11,109,0,2.82842712474619
"176",4,0,0,8,205,0,2.82842712474619
"177",4,0,0,0,71,0,2.82842712474619
"178",4,0,0,12,129,0,2.82842712474619
"179",4,0,0,2,129,0,2.82842712474619
"180",4,0,0,2,128,0,2.82842712474619
"181",4,0,0,3,304,0,2.82842712474619
"182",4,0,0,18,302,0,2.82842712474619
"183",4,0,0,0,329,0,2.82842712474619
"184",4,0,0,0,327,0,2.82842712474619
"185",4,0,0,6,229,0,2.82842712474619
"186",4,0,0,1,0,0,2.82842712474619
"187",4,0,0,6,0,0,2.82842712474619
"188",4,0,0,0,0,0,2.82842712474619
"189",4,0,0,0,0,0,2.82842712474619
"190",4,0,0,0,0,0,2.82842712474619
"191",4,0,0,2,0,0,2.82842712474619
"192",4,0,0,2,3,0,2.82842712474619
"193",4,0,0,2,8,0,2.82842712474619
"194",4,0,0,3,10,0,2.82842712474619
"195",4,0,0,3,10,0,2.82842712474619
"196",4,0,0,3,0,0,2.82842712474619
"197",4,0,0,5,17,0,2.82842712474619
"198",4,0,0,3,217,0,2.82842712474619
"199",4,0,0,23,149,0,2.82842712474619
"200",4,0,0,0,73,0,2.82842712474619
"201",4,0,0,11,108,0,2.82842712474619
"202",4,0,0,0,7,0,2.82842712474619
"203",4,0,0,1,273,0,2.82842712474619
"204",4,0,0,0,199,0,2.82842712474619
"205",4,0,0,6,55,0,2.82842712474619
"206",4,0,0,7,199,0,2.82842712474619
"207",4,0,0,0,173,0,2.82842712474619
"208",4,0,0,8,26,0,2.82842712474619
"209",4,0,0,3,6,0,2.82842712474619
"210",4,0,0,9,9,0,2.82842712474619
"211",5,0,0,0,0,0,1
"212",5,0,0,0,0,0,1
"213",5,0,0,0,0,0,1
"214",5,0,0,0,0,0,1
"215",5,0,0,0,0,0,1
"216",5,0,0,0,0,0,1
"217",5,0,0,0,0,0,1
"218",5,0,0,0,0,0,1
"219",5,0,0,0,0,0,1
"220",5,0,0,0,0,0,1
"221",5,0,0,0,0,0,1
"222",5,0,0,0,0,0,1
"223",5,0,0,0,0,0,1
"224",5,0,0,0,0,0,1
"225",5,0,0,0,0,0,1
"226",5,0,0,0,0,0,1
"227",5,0,0,0,0,0,1
"228",5,0,0,0,0,0,1
"229",5,0,0,0,0,0,1
"230",5,0,0,0,0,0,1
"231",5,0,0,0,0,0,1
"232",5,0,0,0,0,0,1
"233",5,0,0,0,0,0,1
"234",5,0,0,0,0,0,1
"235",5,0,0,0,0,0,1
"236",5,0,0,0,0,0,1
"237",5,0,0,0,0,0,1
"238",5,0,0,0,0,0,1
"239",5,0,0,0,0,0,1
"240",5,0,0,0,0,0,1
"241",5,0,0,0,0,0,1
"242",5,0,0,0,0,0,1
"243",5,0,0,0,0,0,1
"244",5,0,0,0,0,0,1
"245",5,0,0,0,0,0,1
"246",5,0,0,0,0,0,1
"247",5,0,0,0,0,0,1
"248",5,0,0,0,0,0,1
"249",5,0,0,0,0,0,1
"250",5,0,0,0,0,0,1
"251",5,0,0,0,0,0,1
"252",5,0,0,0,0,0,1
"253",5,0,0,0,0,0,1
"254",6,0,0,0,20,0,3.3166247903554
"255",6,1,1,0,0,0,3.3166247903554
"256",6,1,1,0,5,0,3.3166247903554
"257",6,1,1,0,0,0,3.3166247903554
"258",6,0,0,0,1,0,3.3166247903554
"259",7,0,0,2,18,1,1.4142135623731
"260",7,0,0,0,18,1,1.4142135623731
"261",7,0,0,6,26,1,1.4142135623731
"262",7,0,0,4,12,1,1.4142135623731
"263",7,0,0,0,6,1,1.4142135623731
"264",7,0,0,0,4,1,1.4142135623731
"265",7,0,0,17,5,1,1.4142135623731
"266",7,0,0,17,3,1,1.4142135623731
"267",7,0,0,7,1,1,1.4142135623731
"268",7,0,0,3,2,1,1.4142135623731
"269",7,0,0,11,3,1,1.4142135623731
"270",7,0,0,0,0,1,1.4142135623731
"271",7,0,0,0,0,1,1.4142135623731
"272",7,0,0,10,7,1,1.4142135623731
"273",7,0,0,0,0,1,1.4142135623731
"274",7,0,0,7,1,1,1.4142135623731
"275",7,0,0,1,89,1,1.4142135623731
"276",7,0,0,4,14,1,1.4142135623731
"277",7,0,0,8,6,1,1.4142135623731
"278",7,0,0,4,0,1,1.4142135623731
"279",7,0,0,0,0,1,1.4142135623731
"280",7,0,0,2,0,1,1.4142135623731
"281",7,0,0,1,0,1,1.4142135623731
"282",7,0,0,1,25,1,1.4142135623731
"283",7,0,0,1,59,1,1.4142135623731
"284",7,0,0,3,81,1,1.4142135623731
"285",7,0,0,8,166,1,1.4142135623731
"286",7,0,0,14,133,1,1.4142135623731
"287",7,0,0,6,97,1,1.4142135623731
"288",7,0,0,2,4,1,1.4142135623731
"289",7,0,0,7,0,1,1.4142135623731
"290",7,0,0,0,13,1,1.4142135623731
"291",7,0,0,2,30,1,1.4142135623731
"292",7,0,0,4,0,1,1.4142135623731
"293",7,0,0,7,48,1,1.4142135623731
"294",7,0,0,3,48,1,1.4142135623731
"295",7,0,0,17,4,1,1.4142135623731
"296",7,0,0,1,82,1,1.4142135623731
"297",7,0,0,10,2,1,1.4142135623731
"298",7,0,0,11,0,1,1.4142135623731
"299",7,0,0,4,63,1,1.4142135623731
"300",7,0,0,0,56,1,1.4142135623731
"301",7,0,0,0,59,1,1.4142135623731
"302",7,0,0,0,173,1,1.4142135623731
"303",7,0,0,0,173,1,1.4142135623731
"304",7,0,0,5,116,1,1.4142135623731
"305",7,0,0,1,0,1,1.4142135623731
"306",7,0,0,5,110,1,1.4142135623731
"307",7,0,0,14,134,1,1.4142135623731
"308",7,0,0,2,140,1,1.4142135623731
"309",7,0,0,2,128,1,1.4142135623731
"310",7,0,0,0,315,1,1.4142135623731
"311",7,0,0,1,241,1,1.4142135623731
"312",7,0,0,0,0,1,1.4142135623731
"313",7,0,0,6,0,1,1.4142135623731
"314",7,0,0,0,0,1,1.4142135623731
"315",7,0,0,4,0,1,1.4142135623731
"316",7,0,0,3,0,1,1.4142135623731
"317",7,0,0,23,129,1,1.4142135623731
"318",7,0,0,20,58,1,1.4142135623731
"319",7,0,0,0,66,1,1.4142135623731
"320",7,0,0,0,154,1,1.4142135623731
"321",7,0,0,0,156,1,1.4142135623731
"322",7,0,0,6,52,1,1.4142135623731
"323",7,0,0,7,194,1,1.4142135623731
"324",7,0,0,0,80,1,1.4142135623731
"325",7,0,0,6,131,1,1.4142135623731
"326",7,0,0,1,111,1,1.4142135623731
"327",7,0,0,5,73,1,1.4142135623731
"328",7,0,0,8,23,1,1.4142135623731
"329",8,0,0,1,14,0,1
"330",8,0,0,0,114,0,1
"331",8,0,0,0,82,0,1
"332",8,0,0,0,59,0,1
"333",8,0,0,0,16,0,1
"334",8,0,0,0,8,0,1
"335",8,0,0,1,301,0,1
"336",8,0,0,0,16,0,1
"337",8,0,0,0,112,0,1
"338",8,0,0,0,21,0,1
"339",8,0,0,0,0,0,1
"340",8,0,0,0,0,0,1
"341",8,0,0,0,0,0,1
"342",8,0,0,0,0,0,1
"343",8,0,0,0,0,0,1
"344",8,0,0,0,0,0,1
"345",8,0,0,0,0,0,1
"346",8,0,0,0,0,0,1
"347",8,0,0,0,0,0,1
"348",8,0,0,0,0,0,1
"349",8,0,0,0,0,0,1
"350",8,0,0,0,0,0,1
"351",8,0,0,0,0,0,1
"352",8,0,0,0,0,0,1
"353",8,0,0,0,0,0,1
"354",8,0,0,0,0,0,1
"355",8,0,0,0,0,0,1
"356",8,0,0,0,0,0,1
"357",8,0,0,0,0,0,1
"358",8,0,0,0,8,0,1
"359",8,0,0,0,0,0,1
"360",8,0,0,0,0,0,1
"361",8,0,0,0,0,0,1
"362",8,0,0,0,0,0,1
"363",8,0,0,0,0,0,1
"364",8,0,0,0,0,0,1
"365",8,0,0,0,0,0,1
"366",8,0,0,0,0,0,1
"367",8,0,0,0,0,0,1
"368",8,0,0,1,0,0,1
"369",8,0,0,1,0,0,1
"370",8,0,0,1,0,0,1
"371",8,0,0,0,0,0,1
"372",8,0,0,0,0,0,1
"373",8,0,0,0,0,0,1
"374",8,0,0,0,0,0,1
"375",8,0,0,0,0,0,1
"376",8,0,0,0,0,0,1
"377",8,0,0,0,0,0,1
"378",8,0,0,0,0,0,1
"379",8,0,0,0,0,0,1
"380",8,0,0,0,0,0,1
"381",8,0,0,0,0,0,1
"382",8,0,0,0,0,0,1
"383",8,0,0,0,0,0,1
"384",8,0,0,0,0,0,1
"385",8,0,0,0,0,0,1
"386",8,0,0,0,0,0,1
"387",8,0,0,0,0,0,1
"388",8,0,0,0,0,0,1
"389",8,0,0,0,0,0,1
"390",8,0,0,0,0,0,1
"391",8,0,0,0,0,0,1
"392",8,0,0,0,0,0,1
"393",8,0,0,0,0,0,1
"394",8,0,0,0,0,0,1
"395",8,0,0,0,0,0,1
"396",8,0,0,0,0,0,1
"397",8,0,0,0,0,0,1
"398",8,0,0,0,0,0,1
"399",8,0,0,0,0,0,1
"400",8,0,0,0,0,0,1
"401",8,0,0,0,0,0,1
"402",8,0,0,0,0,0,1
"403",8,0,0,0,0,0,1
"404",8,0,0,0,0,0,1
"405",8,0,0,0,0,0,1
"406",8,0,0,0,0,0,1
"407",8,0,0,0,0,0,1
"408",8,0,0,0,0,0,1
"409",8,0,0,0,0,0,1
"410",8,0,0,0,0,0,1
"411",8,0,0,0,0,0,1
"412",8,0,0,0,0,0,1
"413",8,0,0,0,0,0,1
"414",8,0,0,0,0,0,1
"415",8,0,0,0,0,0,1
"416",8,0,0,0,0,0,1
"417",9,0,0,0,0,0,2
"418",9,0,0,0,0,0,2
"419",9,0,0,1,0,0,2
"420",9,0,0,0,0,0,2
"421",9,0,0,0,0,0,2
"422",9,0,0,0,0,0,2
"423",9,0,0,0,0,0,2
"424",9,0,0,1,0,0,2
"425",9,0,0,0,0,0,2
"426",9,0,0,0,0,0,2
"427",9,0,0,0,0,0,2
"428",9,0,0,1,0,0,2
"429",9,0,0,0,0,0,2
"430",11,0,0,0,0,1,2.44948974278318
"431",11,0,0,0,0,1,2.44948974278318
"432",11,0,0,0,0,1,2.44948974278318
"433",11,0,0,2,0,1,2.44948974278318
"434",11,1,0,2,0,1,2.44948974278318
"435",11,1,1,5,0,1,2.44948974278318
"436",11,0,1,9,0,1,2.44948974278318
"437",11,1,0,1,0,1,2.44948974278318
"438",11,1,1,0,0,1,2.44948974278318
"439",11,0,1,1,0,1,2.44948974278318
"440",11,1,1,0,0,1,2.44948974278318
"441",11,0,1,4,0,1,2.44948974278318
"442",11,1,1,4,84,1,2.44948974278318
"443",11,1,1,0,0,1,2.44948974278318
"444",11,1,1,6,0,1,2.44948974278318
"445",11,1,1,5,174,1,2.44948974278318
"446",11,1,1,4,0,1,2.44948974278318
"447",11,1,1,3,3,1,2.44948974278318
"448",11,1,1,3,3,1,2.44948974278318
"449",11,1,1,3,3,1,2.44948974278318
"450",11,1,1,1,0,1,2.44948974278318
"451",11,1,1,1,59,1,2.44948974278318
"452",11,1,1,0,47,1,2.44948974278318
"453",11,1,1,6,1,1,2.44948974278318
"454",11,1,1,0,1,1,2.44948974278318
"455",11,1,1,0,1,1,2.44948974278318
"456",11,1,1,0,0,1,2.44948974278318
"457",12,0,0,0,0,1,1
"458",12,0,0,0,0,1,1
"459",12,0,0,2,0,1,1
"460",12,0,0,0,0,1,1
"461",15,0,0,0,2,1,0
"462",15,0,0,0,2,1,0
"463",15,0,0,0,4,1,0
"464",15,0,0,1,27,1,0
"465",15,0,0,0,6,1,0
"466",15,0,0,0,27,1,0
"467",15,0,0,1,0,1,0
"468",15,0,0,0,9,1,0
"469",15,0,0,0,5,1,0
"470",15,0,0,0,1,1,0
"471",15,0,0,0,162,1,0
"472",15,0,0,0,118,1,0
"473",15,0,0,0,106,1,0
"474",15,0,0,0,156,1,0
"475",15,0,0,0,0,1,0
"476",15,0,0,3,84,1,0
"477",15,0,0,0,94,1,0
"478",15,0,0,0,143,1,0
"479",15,0,0,0,150,1,0
"480",15,0,0,0,64,1,0
"481",15,0,0,0,102,1,0
"482",15,0,0,0,102,1,0
"483",15,0,0,0,170,1,0
"484",15,0,0,0,234,1,0
"485",15,0,0,0,243,1,0
"486",15,0,0,0,43,1,0
"487",15,0,0,0,211,1,0
"488",15,0,0,0,227,1,0
"489",15,0,0,2,25,1,0
"490",15,0,0,0,0,1,0
"491",15,0,0,0,0,1,0
"492",15,0,0,0,100,1,0
"493",15,0,0,0,193,1,0
"494",15,0,0,1,171,1,0
"495",15,0,0,1,113,1,0
"496",15,0,0,0,90,1,0
"497",15,0,0,0,86,1,0
"498",18,0,0,0,40,1,3.46410161513775
"499",18,1,0,0,183,1,3.46410161513775
"500",18,0,1,0,0,1,3.46410161513775
"501",18,0,1,0,0,1,3.46410161513775
"502",18,0,0,0,22,1,3.46410161513775
"503",18,0,0,0,3,1,3.46410161513775
"504",18,0,0,0,137,1,3.46410161513775
"505",18,0,0,0,163,1,3.46410161513775
"506",18,0,0,0,211,1,3.46410161513775
"507",18,0,0,1,173,1,3.46410161513775
"508",18,0,0,0,114,1,3.46410161513775
"509",18,0,0,0,69,1,3.46410161513775
"510",18,0,0,0,43,1,3.46410161513775
"511",18,0,0,0,163,1,3.46410161513775
"512",18,0,0,0,181,1,3.46410161513775
"513",18,0,0,1,170,1,3.46410161513775
"514",18,0,0,0,154,1,3.46410161513775
"515",18,0,0,0,142,1,3.46410161513775
"516",18,1,0,0,189,1,3.46410161513775
"517",18,1,0,0,188,1,3.46410161513775
"518",18,1,0,0,189,1,3.46410161513775
"519",18,0,0,0,99,1,3.46410161513775
"520",18,0,0,0,217,1,3.46410161513775
"521",18,0,0,1,12,1,3.46410161513775
"522",18,1,0,1,17,1,3.46410161513775
"523",18,1,1,1,129,1,3.46410161513775
"524",18,0,1,0,11,1,3.46410161513775
"525",18,0,1,0,11,1,3.46410161513775
"526",18,0,0,0,77,1,3.46410161513775
"527",18,0,0,2,12,1,3.46410161513775
"528",18,0,0,2,12,1,3.46410161513775
"529",18,0,0,2,12,1,3.46410161513775
"530",18,0,0,0,0,1,3.46410161513775
"531",18,0,0,0,35,1,3.46410161513775
"532",18,0,0,5,96,1,3.46410161513775
"533",18,0,0,0,127,1,3.46410161513775
"534",18,0,0,0,343,1,3.46410161513775
"535",18,0,0,0,349,1,3.46410161513775
"536",18,0,0,0,157,1,3.46410161513775
"537",18,0,0,0,122,1,3.46410161513775
"538",18,0,0,0,72,1,3.46410161513775
"539",18,0,0,0,0,1,3.46410161513775
"540",18,0,0,0,0,1,3.46410161513775
"541",18,0,0,0,491,1,3.46410161513775
"542",18,0,0,0,440,1,3.46410161513775
"543",18,0,0,0,432,1,3.46410161513775
"544",18,0,0,0,315,1,3.46410161513775
"545",18,0,0,0,167,1,3.46410161513775
"546",18,0,0,0,178,1,3.46410161513775
"547",18,0,0,0,4,1,3.46410161513775
"548",18,0,0,0,0,1,3.46410161513775
"549",18,0,0,0,42,1,3.46410161513775
"550",18,0,0,0,135,1,3.46410161513775
"551",18,0,0,0,114,1,3.46410161513775
"552",18,0,0,0,166,1,3.46410161513775
"553",18,0,0,0,222,1,3.46410161513775
"554",18,0,0,0,159,1,3.46410161513775
"555",18,1,1,0,0,1,3.46410161513775
"556",18,1,1,0,383,1,3.46410161513775
"557",18,1,1,0,412,1,3.46410161513775
"558",20,1,0,0,11,0,2.23606797749979
"559",20,0,1,0,0,0,2.23606797749979
"560",20,0,0,0,4,0,2.23606797749979
"561",20,0,0,0,3,0,2.23606797749979
"562",20,0,0,1,5,0,2.23606797749979
"563",20,0,0,0,1,0,2.23606797749979
"564",20,0,0,0,2,0,2.23606797749979
"565",20,0,0,0,2,0,2.23606797749979
"566",20,0,0,0,2,0,2.23606797749979
"567",20,0,0,0,0,0,2.23606797749979
"568",20,0,1,3,6,0,2.23606797749979
"569",20,0,0,0,1,0,2.23606797749979
"570",20,0,0,0,19,0,2.23606797749979
"571",20,0,0,0,19,0,2.23606797749979
"572",20,0,0,0,1,0,2.23606797749979
"573",20,0,0,1,24,0,2.23606797749979
"574",20,0,0,0,38,0,2.23606797749979
"575",20,0,0,2,726,0,2.23606797749979
"576",20,0,0,2,128,0,2.23606797749979
"577",20,0,0,2,4,0,2.23606797749979
"578",20,0,0,0,4,0,2.23606797749979
"579",20,0,0,1,3,0,2.23606797749979
"580",20,0,0,0,0,0,2.23606797749979
"581",20,0,0,0,9,0,2.23606797749979
"582",20,0,0,2,0,0,2.23606797749979
"583",20,0,0,2,0,0,2.23606797749979
"584",20,0,0,5,0,0,2.23606797749979
"585",20,0,0,1,0,0,2.23606797749979
"586",20,0,0,0,0,0,2.23606797749979
"587",20,0,0,0,0,0,2.23606797749979
"588",20,0,0,1,0,0,2.23606797749979
"589",20,0,0,0,0,0,2.23606797749979
"590",20,0,0,0,0,0,2.23606797749979
"591",20,0,0,2,34,0,2.23606797749979
"592",20,0,0,1,28,0,2.23606797749979
"593",20,0,0,0,63,0,2.23606797749979
"594",20,0,0,0,114,0,2.23606797749979
"595",20,0,0,0,7,0,2.23606797749979
"596",20,0,0,0,2,0,2.23606797749979
"597",20,0,0,0,204,0,2.23606797749979
"598",20,0,0,6,42,0,2.23606797749979
"599",20,0,0,0,132,0,2.23606797749979
"600",20,0,0,0,133,0,2.23606797749979
"601",20,0,0,5,2,0,2.23606797749979
"602",20,0,0,4,6,0,2.23606797749979
"603",20,0,0,8,11,0,2.23606797749979
"604",20,0,0,4,219,0,2.23606797749979
"605",20,0,0,0,147,0,2.23606797749979
"606",20,0,0,0,136,0,2.23606797749979
"607",20,0,0,0,110,0,2.23606797749979
"608",20,0,0,0,94,0,2.23606797749979
"609",20,0,0,4,337,0,2.23606797749979
"610",20,0,0,1,258,0,2.23606797749979
"611",20,0,0,0,97,0,2.23606797749979
"612",20,0,0,1,344,0,2.23606797749979
"613",20,0,0,0,276,0,2.23606797749979
"614",20,0,0,0,171,0,2.23606797749979
"615",20,0,0,2,79,0,2.23606797749979
"616",20,0,0,1,109,0,2.23606797749979
"617",21,0,0,0,21,0,3.3166247903554
"618",21,1,0,2,12,0,3.3166247903554
"619",21,0,1,0,62,0,3.3166247903554
"620",21,0,0,0,11,0,3.3166247903554
"621",21,1,0,0,2,0,3.3166247903554
"622",21,1,1,2,0,0,3.3166247903554
"623",21,1,1,0,8,0,3.3166247903554
"624",21,1,1,0,7,0,3.3166247903554
"625",21,1,1,0,5,0,3.3166247903554
"626",21,0,1,0,11,0,3.3166247903554
"627",21,0,0,0,2,0,3.3166247903554
"628",21,0,0,0,9,0,3.3166247903554
"629",21,0,0,2,10,0,3.3166247903554
"630",21,0,0,0,11,0,3.3166247903554
"631",21,0,0,0,41,0,3.3166247903554
"632",21,0,0,1,6,0,3.3166247903554
"633",21,0,0,1,103,0,3.3166247903554
"634",21,0,0,1,113,0,3.3166247903554
"635",21,0,0,0,138,0,3.3166247903554
"636",21,0,0,2,135,0,3.3166247903554
"637",21,0,0,0,110,0,3.3166247903554
"638",21,0,0,0,108,0,3.3166247903554
"639",21,0,0,2,156,0,3.3166247903554
"640",21,0,0,1,235,0,3.3166247903554
"641",21,0,0,0,497,0,3.3166247903554
"642",21,0,0,0,253,0,3.3166247903554
"643",21,0,0,1,122,0,3.3166247903554
"644",21,0,0,0,124,0,3.3166247903554
"645",21,0,0,0,218,0,3.3166247903554
"646",21,0,0,1,212,0,3.3166247903554
"647",21,0,0,1,129,0,3.3166247903554
"648",21,0,0,1,301,0,3.3166247903554
"649",21,0,0,1,277,0,3.3166247903554
"650",21,0,0,1,101,0,3.3166247903554
"651",21,0,0,0,125,0,3.3166247903554
"652",21,0,0,0,349,0,3.3166247903554
"653",21,0,0,0,195,0,3.3166247903554
"654",21,0,0,0,42,0,3.3166247903554
"655",21,0,0,0,201,0,3.3166247903554
"656",21,0,0,0,235,0,3.3166247903554
"657",21,0,0,0,182,0,3.3166247903554
"658",21,0,0,0,282,0,3.3166247903554
"659",21,0,0,8,435,0,3.3166247903554
"660",21,0,0,0,661,0,3.3166247903554
"661",21,0,0,0,313,0,3.3166247903554
"662",21,0,0,0,20,0,3.3166247903554
"663",21,0,0,0,0,0,3.3166247903554
"664",21,0,0,0,0,0,3.3166247903554
"665",21,0,0,0,0,0,3.3166247903554
"666",21,0,0,0,0,0,3.3166247903554
"667",22,0,0,0,0,1,2.44948974278318
"668",22,0,0,0,0,1,2.44948974278318
"669",22,0,0,0,2,1,2.44948974278318
"670",22,0,0,0,0,1,2.44948974278318
"671",22,1,0,0,0,1,2.44948974278318
"672",22,1,1,0,79,1,2.44948974278318
"673",22,1,1,0,0,1,2.44948974278318
"674",22,0,1,0,0,1,2.44948974278318
"675",22,0,0,0,0,1,2.44948974278318
"676",22,0,0,0,141,1,2.44948974278318
"677",22,0,0,0,0,1,2.44948974278318
"678",22,0,0,0,0,1,2.44948974278318
"679",22,0,0,0,0,1,2.44948974278318
"680",22,0,0,0,1,1,2.44948974278318
"681",22,0,0,0,6,1,2.44948974278318
"682",22,0,0,0,44,1,2.44948974278318
"683",22,0,0,1,4,1,2.44948974278318
"684",22,0,0,0,42,1,2.44948974278318
"685",22,0,0,0,0,1,2.44948974278318
"686",22,0,0,0,0,1,2.44948974278318
"687",22,0,0,0,107,1,2.44948974278318
"688",22,0,0,0,90,1,2.44948974278318
"689",22,0,0,0,32,1,2.44948974278318
"690",22,0,0,0,5,1,2.44948974278318
"691",22,0,0,0,5,1,2.44948974278318
"692",22,0,0,0,5,1,2.44948974278318
"693",22,0,0,0,34,1,2.44948974278318
"694",22,0,1,2,0,1,2.44948974278318
"695",22,0,0,0,0,1,2.44948974278318
"696",22,0,0,0,0,1,2.44948974278318
"697",22,0,0,0,0,1,2.44948974278318
"698",22,0,0,0,0,1,2.44948974278318
"699",22,0,0,0,0,1,2.44948974278318
"700",22,0,0,0,0,1,2.44948974278318
"701",22,1,0,0,104,1,2.44948974278318
"702",22,0,1,0,0,1,2.44948974278318
"703",22,0,0,0,34,1,2.44948974278318
"704",22,0,0,0,0,1,2.44948974278318
"705",22,0,0,0,0,1,2.44948974278318
"706",22,0,0,0,99,1,2.44948974278318
"707",22,0,0,0,62,1,2.44948974278318
"708",22,0,0,0,117,1,2.44948974278318
"709",22,0,0,0,82,1,2.44948974278318
"710",22,0,0,0,154,1,2.44948974278318
"711",22,0,0,0,60,1,2.44948974278318
"712",22,0,0,0,152,1,2.44948974278318
"713",22,0,0,0,154,1,2.44948974278318
"714",22,0,0,7,164,1,2.44948974278318
"715",22,0,0,0,0,1,2.44948974278318
"716",22,0,0,0,0,1,2.44948974278318
"717",22,0,0,0,0,1,2.44948974278318
"718",22,0,0,0,0,1,2.44948974278318
"719",22,0,0,0,0,1,2.44948974278318
"720",22,0,0,0,0,1,2.44948974278318
"721",22,0,0,0,0,1,2.44948974278318
"722",22,0,0,0,0,1,2.44948974278318
"723",22,0,0,0,0,1,2.44948974278318
"724",22,0,0,0,0,1,2.44948974278318
"725",22,0,0,0,0,1,2.44948974278318
"726",22,0,0,0,0,1,2.44948974278318
"727",22,0,0,0,0,1,2.44948974278318
"728",22,0,0,0,0,1,2.44948974278318
"729",22,0,0,0,1,1,2.44948974278318
"730",22,0,0,0,168,1,2.44948974278318
"731",22,0,0,0,0,1,2.44948974278318
"732",22,0,0,0,2,1,2.44948974278318
"733",22,0,0,0,2,1,2.44948974278318
"734",22,0,0,0,4,1,2.44948974278318
"735",22,0,0,0,12,1,2.44948974278318
"736",22,0,0,0,0,1,2.44948974278318
"737",22,0,0,0,0,1,2.44948974278318
"738",22,0,0,0,135,1,2.44948974278318
"739",22,0,0,0,156,1,2.44948974278318
"740",22,0,0,0,163,1,2.44948974278318
"741",22,0,0,0,183,1,2.44948974278318
"742",22,0,0,0,128,1,2.44948974278318
"743",22,0,0,0,153,1,2.44948974278318
"744",22,0,0,0,11,1,2.44948974278318
"745",22,0,0,2,0,1,2.44948974278318
"746",22,0,0,0,59,1,2.44948974278318
"747",23,0,0,0,0,0,2.64575131106459
"748",23,1,0,1,0,0,2.64575131106459
"749",23,0,0,0,0,0,2.64575131106459
"750",23,0,0,0,0,0,2.64575131106459
"751",23,0,0,0,0,0,2.64575131106459
"752",23,0,0,0,0,0,2.64575131106459
"753",23,0,0,0,0,0,2.64575131106459
"754",23,0,0,0,0,0,2.64575131106459
"755",23,0,0,0,0,0,2.64575131106459
"756",23,0,0,0,0,0,2.64575131106459
"757",23,1,0,0,0,0,2.64575131106459
"758",23,0,1,0,0,0,2.64575131106459
"759",23,0,0,0,0,0,2.64575131106459
"760",23,0,0,0,0,0,2.64575131106459
"761",23,0,0,0,0,0,2.64575131106459
"762",23,0,0,0,0,0,2.64575131106459
"763",23,0,0,0,0,0,2.64575131106459
"764",23,0,0,0,0,0,2.64575131106459
"765",23,0,0,0,0,0,2.64575131106459
"766",23,0,0,0,0,0,2.64575131106459
"767",23,0,0,0,0,0,2.64575131106459
"768",23,0,0,0,0,0,2.64575131106459
"769",23,0,0,0,0,0,2.64575131106459
"770",23,0,0,0,0,0,2.64575131106459
"771",23,0,0,0,0,0,2.64575131106459
"772",23,0,0,0,0,0,2.64575131106459
"773",23,0,0,0,0,0,2.64575131106459
"774",23,0,0,0,0,0,2.64575131106459
"775",23,0,0,0,0,0,2.64575131106459
"776",23,0,0,0,0,0,2.64575131106459
"777",23,0,0,0,0,0,2.64575131106459
"778",23,0,0,0,0,0,2.64575131106459
"779",23,0,0,0,0,0,2.64575131106459
"780",23,0,0,0,0,0,2.64575131106459
"781",23,0,0,0,0,0,2.64575131106459
"782",23,0,0,0,0,0,2.64575131106459
"783",23,0,0,0,0,0,2.64575131106459
"784",23,0,0,0,0,0,2.64575131106459
"785",23,0,0,0,0,0,2.64575131106459
"786",23,0,0,0,0,0,2.64575131106459
"787",23,0,0,0,0,0,2.64575131106459
"788",23,0,0,0,0,0,2.64575131106459
"789",23,0,0,0,0,0,2.64575131106459
"790",23,0,0,0,0,0,2.64575131106459
"791",23,0,0,0,0,0,2.64575131106459
"792",23,0,0,0,0,0,2.64575131106459
"793",23,0,0,0,0,0,2.64575131106459
"794",23,0,0,0,0,0,2.64575131106459
"795",23,0,0,0,0,0,2.64575131106459
"796",23,0,0,0,0,0,2.64575131106459
"797",23,0,0,0,0,0,2.64575131106459
"798",23,0,0,0,0,0,2.64575131106459
"799",23,0,0,0,0,0,2.64575131106459
"800",23,0,0,0,0,0,2.64575131106459
"801",23,0,0,0,0,0,2.64575131106459
"802",23,0,0,0,0,0,2.64575131106459
"803",24,0,0,4,0,1,2.82842712474619
"804",24,0,0,0,0,1,2.82842712474619
"805",24,0,0,16,0,1,2.82842712474619
"806",24,0,0,2,0,1,2.82842712474619
"807",24,0,0,10,0,1,2.82842712474619
"808",24,0,0,10,0,1,2.82842712474619
"809",24,0,0,4,0,1,2.82842712474619
"810",24,0,0,7,0,1,2.82842712474619
"811",24,0,0,4,0,1,2.82842712474619
"812",24,1,0,4,0,1,2.82842712474619
"813",24,1,1,6,0,1,2.82842712474619
"814",24,1,1,0,0,1,2.82842712474619
"815",24,1,0,36,3,1,2.82842712474619
"816",24,0,1,1,5,1,2.82842712474619
"817",24,0,0,15,42,1,2.82842712474619
"818",24,0,0,8,14,1,2.82842712474619
"819",24,0,0,1,14,1,2.82842712474619
"820",24,0,0,14,2,1,2.82842712474619
"821",24,0,0,9,0,1,2.82842712474619
"822",24,0,0,4,0,1,2.82842712474619
"823",24,0,0,6,8,1,2.82842712474619
"824",24,0,0,15,37,1,2.82842712474619
"825",24,0,0,0,22,1,2.82842712474619
"826",24,0,0,0,20,1,2.82842712474619
"827",24,0,0,1,0,1,2.82842712474619
"828",24,0,0,5,21,1,2.82842712474619
"829",24,0,0,3,7,1,2.82842712474619
"830",24,0,0,4,4,1,2.82842712474619
"831",24,0,0,17,7,1,2.82842712474619
"832",24,0,0,3,6,1,2.82842712474619
"833",24,0,0,3,2,1,2.82842712474619
"834",24,0,0,2,0,1,2.82842712474619
"835",24,0,0,2,0,1,2.82842712474619
"836",24,0,0,0,0,1,2.82842712474619
"837",24,0,0,0,0,1,2.82842712474619
"838",24,0,0,0,0,1,2.82842712474619
"839",24,0,0,5,14,1,2.82842712474619
"840",24,0,0,3,9,1,2.82842712474619
"841",24,0,0,4,8,1,2.82842712474619
"842",24,0,0,6,14,1,2.82842712474619
"843",24,0,0,8,27,1,2.82842712474619
"844",24,0,0,7,15,1,2.82842712474619
"845",24,0,0,11,19,1,2.82842712474619
"846",24,0,0,7,19,1,2.82842712474619
"847",24,0,0,5,84,1,2.82842712474619
"848",24,0,0,9,18,1,2.82842712474619
"849",24,0,0,5,12,1,2.82842712474619
"850",24,0,0,2,33,1,2.82842712474619
"851",24,0,0,3,61,1,2.82842712474619
"852",24,0,0,7,42,1,2.82842712474619
"853",24,0,0,26,0,1,2.82842712474619
"854",24,0,0,11,0,1,2.82842712474619
"855",24,0,0,15,0,1,2.82842712474619
"856",24,0,0,44,0,1,2.82842712474619
"857",24,0,0,212,0,1,2.82842712474619
"858",24,0,0,49,0,1,2.82842712474619
"859",24,0,0,3,0,1,2.82842712474619
"860",26,0,0,6,2,1,2.44948974278318
"861",26,1,0,4,2,1,2.44948974278318
"862",26,0,1,6,0,1,2.44948974278318
"863",26,0,1,6,0,1,2.44948974278318
"864",26,0,0,9,0,1,2.44948974278318
"865",26,0,0,7,0,1,2.44948974278318
"866",26,0,0,1,0,1,2.44948974278318
"867",26,0,0,4,0,1,2.44948974278318
"868",26,0,0,0,0,1,2.44948974278318
"869",26,0,0,0,0,1,2.44948974278318
"870",26,1,0,0,0,1,2.44948974278318
"871",26,1,0,0,0,1,2.44948974278318
"872",26,0,0,0,0,1,2.44948974278318
"873",26,0,0,0,0,1,2.44948974278318
"874",26,1,0,0,0,1,2.44948974278318
"875",27,0,0,0,11,0,2.44948974278318
"876",27,0,0,0,15,0,2.44948974278318
"877",27,0,0,1,10,0,2.44948974278318
"878",27,0,0,0,17,0,2.44948974278318
"879",27,0,0,0,8,0,2.44948974278318
"880",27,0,0,0,31,0,2.44948974278318
"881",27,0,0,0,12,0,2.44948974278318
"882",27,1,0,0,0,0,2.44948974278318
"883",27,0,1,2,0,0,2.44948974278318
"884",27,0,1,2,0,0,2.44948974278318
"885",27,0,0,1,9,0,2.44948974278318
"886",27,0,0,0,13,0,2.44948974278318
"887",27,0,0,0,0,0,2.44948974278318
"888",27,0,0,0,0,0,2.44948974278318
"889",27,0,0,0,0,0,2.44948974278318
"890",27,0,0,0,0,0,2.44948974278318
"891",27,0,0,0,0,0,2.44948974278318
"892",27,0,0,0,0,0,2.44948974278318
"893",27,0,0,0,0,0,2.44948974278318
"894",27,0,0,2,0,0,2.44948974278318
"895",27,0,0,2,1,0,2.44948974278318
"896",27,0,0,2,1,0,2.44948974278318
"897",27,0,0,0,6,0,2.44948974278318
"898",27,0,0,0,6,0,2.44948974278318
"899",27,0,0,4,106,0,2.44948974278318
"900",27,0,0,0,223,0,2.44948974278318
"901",27,0,0,0,241,0,2.44948974278318
"902",27,0,0,0,186,0,2.44948974278318
"903",27,0,0,0,105,0,2.44948974278318
"904",27,0,0,0,102,0,2.44948974278318
"905",27,0,0,0,32,0,2.44948974278318
"906",27,0,0,0,91,0,2.44948974278318
"907",27,0,0,0,84,0,2.44948974278318
"908",27,0,0,0,205,0,2.44948974278318
"909",27,0,0,0,149,0,2.44948974278318
"910",27,0,0,0,165,0,2.44948974278318
"911",27,0,0,0,83,0,2.44948974278318
"912",27,0,0,0,228,0,2.44948974278318
"913",27,0,0,0,161,0,2.44948974278318
"914",27,0,0,0,115,0,2.44948974278318
"915",27,0,0,0,79,0,2.44948974278318
"916",27,0,0,0,209,0,2.44948974278318
"917",27,0,0,1,213,0,2.44948974278318
"918",27,0,0,0,149,0,2.44948974278318
"919",27,0,0,0,78,0,2.44948974278318
"920",27,0,0,1,90,0,2.44948974278318
"921",27,0,0,0,38,0,2.44948974278318
"922",27,0,0,0,116,0,2.44948974278318
"923",27,0,0,0,110,0,2.44948974278318
"924",27,0,0,0,177,0,2.44948974278318
"925",27,0,0,0,125,0,2.44948974278318
"926",27,0,0,0,125,0,2.44948974278318
"927",27,0,0,0,149,0,2.44948974278318
"928",27,0,0,1,310,0,2.44948974278318
"929",27,0,0,0,330,0,2.44948974278318
"930",27,0,0,0,222,0,2.44948974278318
"931",27,0,0,0,136,0,2.44948974278318
"932",27,0,0,0,118,0,2.44948974278318
"933",27,0,0,0,135,0,2.44948974278318
"934",27,0,0,0,169,0,2.44948974278318
"935",27,0,0,0,93,0,2.44948974278318
"936",27,0,0,0,249,0,2.44948974278318
"937",27,0,0,0,263,0,2.44948974278318
"938",27,0,0,0,150,0,2.44948974278318
"939",27,0,0,0,333,0,2.44948974278318
"940",28,1,1,0,0,1,2
"941",28,1,1,0,0,1,2
"942",28,0,1,0,0,1,2
"943",28,1,0,0,0,1,2
"944",28,1,1,0,0,1,2
"945",28,1,1,0,0,1,2
"946",28,1,1,0,0,1,2
"947",28,1,1,0,0,1,2
"948",28,0,1,0,0,1,2
"949",28,1,0,0,0,1,2
"950",28,1,1,0,0,1,2
"951",28,1,1,0,0,1,2
"952",28,1,1,0,0,1,2
"953",28,1,1,1,0,1,2
"954",28,0,1,1,0,1,2
"955",28,0,0,0,0,1,2
"956",28,0,0,0,12,1,2
"957",28,0,0,2,49,1,2
"958",28,1,0,1,10,1,2
"959",28,0,1,0,6,1,2
"960",28,0,0,0,0,1,2
"961",28,0,0,0,0,1,2
"962",28,0,0,0,0,1,2
"963",28,1,0,0,0,1,2
"964",28,0,1,0,0,1,2
"965",28,0,1,0,0,1,2
"966",28,0,0,0,0,1,2
"967",28,0,0,0,1,1,2
"968",28,0,0,0,0,1,2
"969",28,0,0,0,0,1,2
"970",28,0,0,0,0,1,2
"971",28,0,0,0,8,1,2
"972",28,1,0,0,0,1,2
"973",28,1,1,0,0,1,2
"974",28,0,1,0,0,1,2
"975",28,0,0,0,0,1,2
"976",28,0,0,0,0,1,2
"977",28,0,0,0,27,1,2
"978",28,0,0,0,0,1,2
"979",28,1,0,0,0,1,2
"980",28,0,0,0,0,1,2
"981",28,0,0,0,0,1,2
"982",28,0,0,0,0,1,2
"983",28,0,0,0,0,1,2
"984",28,0,0,0,42,1,2
"985",28,0,0,0,0,1,2
"986",28,1,0,0,0,1,2
"987",28,0,1,0,0,1,2
"988",28,0,1,0,0,1,2
"989",28,1,1,0,0,1,2
"990",28,1,1,0,0,1,2
"991",28,0,0,0,0,1,2
"992",28,0,0,0,0,1,2
"993",28,1,0,0,0,1,2
"994",28,1,1,0,0,1,2
"995",28,0,0,0,0,1,2
"996",28,0,0,0,0,1,2
"997",28,1,0,0,0,1,2
"998",28,1,1,0,0,1,2
"999",28,1,1,0,0,1,2
"1000",28,1,1,0,0,1,2
"1001",29,0,0,0,0,1,2.23606797749979
"1002",29,0,0,0,0,1,2.23606797749979
"1003",29,0,0,0,0,1,2.23606797749979
"1004",29,0,0,0,0,1,2.23606797749979
"1005",29,0,0,0,0,1,2.23606797749979
"1006",29,0,0,0,0,1,2.23606797749979
"1007",29,0,0,0,23,1,2.23606797749979
"1008",29,0,0,0,0,1,2.23606797749979
"1009",29,0,0,0,43,1,2.23606797749979
"1010",29,0,0,0,0,1,2.23606797749979
"1011",29,0,0,0,0,1,2.23606797749979
"1012",29,0,0,0,0,1,2.23606797749979
"1013",30,0,0,2,5,0,2.64575131106459
"1014",30,0,0,3,11,0,2.64575131106459
"1015",30,0,0,1,71,0,2.64575131106459
"1016",30,1,0,0,50,0,2.64575131106459
"1017",30,0,0,0,886,0,2.64575131106459
"1018",30,0,0,3,2,0,2.64575131106459
"1019",30,0,0,0,18,0,2.64575131106459
"1020",30,0,0,2,0,0,2.64575131106459
"1021",30,0,0,0,0,0,2.64575131106459
"1022",30,0,0,0,0,0,2.64575131106459
"1023",30,0,0,6,0,0,2.64575131106459
"1024",30,0,0,9,0,0,2.64575131106459
"1025",30,0,0,0,0,0,2.64575131106459
"1026",30,0,0,9,371,0,2.64575131106459
"1027",30,0,0,5,415,0,2.64575131106459
"1028",30,0,0,0,411,0,2.64575131106459
"1029",31,0,0,0,26,1,3.3166247903554
"1030",31,0,0,0,26,1,3.3166247903554
"1031",31,0,0,0,13,1,3.3166247903554
"1032",31,0,0,0,595,1,3.3166247903554
"1033",31,0,0,0,588,1,3.3166247903554
"1034",31,0,0,1,8,1,3.3166247903554
"1035",31,1,0,0,359,1,3.3166247903554
"1036",31,0,1,0,0,1,3.3166247903554
"1037",31,0,0,1,1,1,3.3166247903554
"1038",31,0,0,2,6,1,3.3166247903554
"1039",31,0,0,2,6,1,3.3166247903554
"1040",31,0,0,0,0,1,3.3166247903554
"1041",31,0,0,0,0,1,3.3166247903554
"1042",31,0,0,0,0,1,3.3166247903554
"1043",31,0,0,2,1,1,3.3166247903554
"1044",31,0,0,1,6,1,3.3166247903554
"1045",31,0,0,1,0,1,3.3166247903554
"1046",31,0,0,17,356,1,3.3166247903554
"1047",31,1,1,0,258,1,3.3166247903554
"1048",31,1,1,1,260,1,3.3166247903554
"1049",31,1,1,8,279,1,3.3166247903554
"1050",31,1,1,19,0,1,3.3166247903554
"1051",31,1,1,43,0,1,3.3166247903554
"1052",31,1,1,21,0,1,3.3166247903554
"1053",31,1,1,47,3,1,3.3166247903554
"1054",31,1,1,48,5,1,3.3166247903554
"1055",31,1,1,26,7,1,3.3166247903554
"1056",31,1,1,3,0,1,3.3166247903554
"1057",31,1,1,7,2,1,3.3166247903554
"1058",31,1,1,4,10,1,3.3166247903554
"1059",31,1,1,0,163,1,3.3166247903554
"1060",31,1,1,0,320,1,3.3166247903554
"1061",32,0,0,0,0,0,3.3166247903554
"1062",32,0,0,0,0,0,3.3166247903554
"1063",32,0,0,0,0,0,3.3166247903554
"1064",32,0,0,0,0,0,3.3166247903554
"1065",32,0,0,0,0,0,3.3166247903554
"1066",32,0,0,0,0,0,3.3166247903554
"1067",32,0,0,0,0,0,3.3166247903554
"1068",32,0,0,2,0,0,3.3166247903554
"1069",32,0,0,2,0,0,3.3166247903554
"1070",32,0,0,0,0,0,3.3166247903554
"1071",32,0,0,1,0,0,3.3166247903554
"1072",32,0,0,1,0,0,3.3166247903554
"1073",32,0,0,0,0,0,3.3166247903554
"1074",32,0,0,3,0,0,3.3166247903554
"1075",32,0,0,1,0,0,3.3166247903554
"1076",32,0,0,0,0,0,3.3166247903554
"1077",32,0,0,0,0,0,3.3166247903554
"1078",32,0,0,0,0,0,3.3166247903554
"1079",32,1,0,0,0,0,3.3166247903554
"1080",32,1,1,0,0,0,3.3166247903554
"1081",32,1,1,0,0,0,3.3166247903554
"1082",32,0,0,0,0,0,3.3166247903554
"1083",32,0,0,3,0,0,3.3166247903554
"1084",32,0,0,3,0,0,3.3166247903554
"1085",32,0,0,0,0,0,3.3166247903554
"1086",32,0,0,0,0,0,3.3166247903554
"1087",32,0,0,1,0,0,3.3166247903554
"1088",32,0,0,0,0,0,3.3166247903554
"1089",32,0,0,0,0,0,3.3166247903554
"1090",32,0,0,1,0,0,3.3166247903554
"1091",32,0,0,0,0,0,3.3166247903554
"1092",32,0,0,0,0,0,3.3166247903554
"1093",32,0,0,0,0,0,3.3166247903554
"1094",32,0,0,0,0,0,3.3166247903554
"1095",32,0,0,0,0,0,3.3166247903554
"1096",32,0,0,0,0,0,3.3166247903554
"1097",32,0,0,0,0,0,3.3166247903554
"1098",32,0,0,0,0,0,3.3166247903554
"1099",32,0,0,0,0,0,3.3166247903554
"1100",32,0,0,0,0,0,3.3166247903554
"1101",32,0,0,0,0,0,3.3166247903554
"1102",32,0,0,0,0,0,3.3166247903554
"1103",32,0,0,1,0,0,3.3166247903554
"1104",32,0,0,1,0,0,3.3166247903554
"1105",32,0,0,1,0,0,3.3166247903554
"1106",32,0,0,1,0,0,3.3166247903554
"1107",32,0,0,1,0,0,3.3166247903554
"1108",32,0,0,1,0,0,3.3166247903554
"1109",32,0,0,0,0,0,3.3166247903554
"1110",32,0,0,0,0,0,3.3166247903554
"1111",32,0,0,0,0,0,3.3166247903554
"1112",32,0,0,0,0,0,3.3166247903554
"1113",32,0,0,0,0,0,3.3166247903554
"1114",32,0,0,1,0,0,3.3166247903554
"1115",32,0,0,1,0,0,3.3166247903554
"1116",32,0,0,0,0,0,3.3166247903554
"1117",32,0,0,0,0,0,3.3166247903554
"1118",32,0,0,0,0,0,3.3166247903554
"1119",32,0,0,0,0,0,3.3166247903554
"1120",32,0,0,0,0,0,3.3166247903554
"1121",33,0,0,0,0,1,1.4142135623731
"1122",33,0,0,0,0,1,1.4142135623731
"1123",33,0,0,0,0,1,1.4142135623731
"1124",33,0,0,0,0,1,1.4142135623731
"1125",33,0,0,0,0,1,1.4142135623731
"1126",33,0,0,0,0,1,1.4142135623731
"1127",33,0,0,0,0,1,1.4142135623731
"1128",33,0,0,0,0,1,1.4142135623731
"1129",33,0,0,0,0,1,1.4142135623731
"1130",33,0,0,0,0,1,1.4142135623731
"1131",33,0,0,0,0,1,1.4142135623731
"1132",33,0,0,0,0,1,1.4142135623731
"1133",33,0,0,0,0,1,1.4142135623731
"1134",33,0,0,0,0,1,1.4142135623731
"1135",33,0,0,0,0,1,1.4142135623731
"1136",33,0,0,0,0,1,1.4142135623731
"1137",33,0,0,0,0,1,1.4142135623731
"1138",33,0,0,0,0,1,1.4142135623731
"1139",33,0,0,0,0,1,1.4142135623731
"1140",33,1,0,0,0,1,1.4142135623731
"1141",33,0,1,0,0,1,1.4142135623731
"1142",33,0,0,0,0,1,1.4142135623731
"1143",33,0,0,0,0,1,1.4142135623731
"1144",33,0,0,0,0,1,1.4142135623731
"1145",33,0,0,0,0,1,1.4142135623731
"1146",34,0,0,0,0,1,2
"1147",34,0,0,0,0,1,2
"1148",34,0,0,0,0,1,2
"1149",34,0,0,0,0,1,2
"1150",34,0,0,0,0,1,2
"1151",34,0,0,0,0,1,2
"1152",34,0,0,0,0,1,2
"1153",34,0,0,0,0,1,2
"1154",34,0,0,0,0,1,2
"1155",34,0,0,0,0,1,2
"1156",34,0,0,0,0,1,2
"1157",34,0,0,0,0,1,2
"1158",34,0,0,0,0,1,2
"1159",34,0,0,0,0,1,2
"1160",34,0,0,0,0,1,2
"1161",34,0,0,0,0,1,2
"1162",34,0,0,0,0,1,2
"1163",34,0,0,0,0,1,2
"1164",34,0,0,0,0,1,2
"1165",34,0,0,0,0,1,2
"1166",34,0,0,0,0,1,2
"1167",34,0,0,0,0,1,2
"1168",34,0,0,0,0,1,2
"1169",34,0,0,0,0,1,2
"1170",34,0,0,0,0,1,2
"1171",34,0,0,0,0,1,2
"1172",34,0,0,0,0,1,2
"1173",34,0,0,0,0,1,2
"1174",34,0,0,0,0,1,2
"1175",34,0,0,0,0,1,2
"1176",34,0,0,0,0,1,2
"1177",34,0,0,0,0,1,2
"1178",34,0,0,0,0,1,2
"1179",34,0,0,0,0,1,2
"1180",34,0,0,0,0,1,2
"1181",34,0,0,0,0,1,2
"1182",34,0,0,0,0,1,2
"1183",34,0,0,0,0,1,2
"1184",34,0,0,0,0,1,2
"1185",34,0,0,0,0,1,2
"1186",34,0,0,0,0,1,2
"1187",35,0,0,1,0,0,1.4142135623731
"1188",35,0,0,0,0,0,1.4142135623731
"1189",35,0,0,0,0,0,1.4142135623731
"1190",35,0,0,0,0,0,1.4142135623731
"1191",35,0,0,0,0,0,1.4142135623731
"1192",35,0,0,0,0,0,1.4142135623731
"1193",35,0,0,0,0,0,1.4142135623731
"1194",35,0,0,1,0,0,1.4142135623731
"1195",36,0,0,0,28,0,3.46410161513775
"1196",36,0,0,0,0,0,3.46410161513775
"1197",36,0,0,0,0,0,3.46410161513775
"1198",36,0,0,0,0,0,3.46410161513775
"1199",36,0,0,0,0,0,3.46410161513775
"1200",36,0,0,0,0,0,3.46410161513775
"1201",36,0,0,0,0,0,3.46410161513775
"1202",36,0,0,3,0,0,3.46410161513775
"1203",36,0,0,6,0,0,3.46410161513775
"1204",36,0,0,0,2,0,3.46410161513775
"1205",36,0,0,0,1,0,3.46410161513775
"1206",36,0,0,1,45,0,3.46410161513775
"1207",36,0,0,1,40,0,3.46410161513775
"1208",36,0,0,0,90,0,3.46410161513775
"1209",36,0,0,0,47,0,3.46410161513775
"1210",36,0,0,0,315,0,3.46410161513775
"1211",36,0,0,0,31,0,3.46410161513775
"1212",36,0,0,0,1,0,3.46410161513775
"1213",36,0,0,0,0,0,3.46410161513775
"1214",36,0,0,0,65,0,3.46410161513775
"1215",36,0,0,0,3,0,3.46410161513775
"1216",36,0,0,1,16,0,3.46410161513775
"1217",37,0,0,0,0,1,1
"1218",37,0,0,0,0,1,1
"1219",37,0,0,0,0,1,1
"1220",37,0,0,0,0,1,1
"1221",37,0,0,0,0,1,1
"1222",37,0,0,0,0,1,1
"1223",37,0,0,0,0,1,1
"1224",37,0,0,0,0,1,1
"1225",37,0,0,0,0,1,1
"1226",37,0,0,0,0,1,1
"1227",37,0,0,0,0,1,1
"1228",37,0,0,0,0,1,1
"1229",37,0,0,0,0,1,1
"1230",37,0,0,0,0,1,1
"1231",37,0,0,0,0,1,1
"1232",37,0,0,0,0,1,1
"1233",37,0,0,0,0,1,1
"1234",37,0,0,0,0,1,1
"1235",37,0,0,0,0,1,1
"1236",37,0,0,0,0,1,1
"1237",37,0,0,0,0,1,1
"1238",37,0,0,0,0,1,1
"1239",37,0,0,0,0,1,1
"1240",37,0,0,0,0,1,1
"1241",37,0,0,0,0,1,1
"1242",37,0,0,0,0,1,1
"1243",37,0,0,0,0,1,1
"1244",37,0,0,0,0,1,1
"1245",37,0,0,0,0,1,1
"1246",37,0,0,0,0,1,1
"1247",37,0,0,0,0,1,1
"1248",37,0,0,0,0,1,1
"1249",37,0,0,0,0,1,1
"1250",37,0,0,0,0,1,1
"1251",37,0,0,0,0,1,1
"1252",37,0,0,0,0,1,1
"1253",37,0,0,0,0,1,1
"1254",37,0,0,0,0,1,1
"1255",37,0,0,0,0,1,1
"1256",37,0,0,0,0,1,1
"1257",37,0,0,0,0,1,1
"1258",37,0,0,0,0,1,1
"1259",37,0,0,0,0,1,1
"1260",37,0,0,0,0,1,1
"1261",37,0,0,0,0,1,1
"1262",37,0,0,0,0,1,1
"1263",37,0,0,0,0,1,1
"1264",37,0,0,0,0,1,1
"1265",37,0,0,0,0,1,1
"1266",37,0,0,0,0,1,1
"1267",37,0,0,0,0,1,1
"1268",37,0,0,0,0,1,1
"1269",37,0,0,0,0,1,1
"1270",37,0,0,0,0,1,1
"1271",37,0,0,0,0,1,1
"1272",37,0,0,0,0,1,1
"1273",37,0,0,0,0,1,1
"1274",37,0,0,0,0,1,1
"1275",37,0,0,0,0,1,1
"1276",37,0,0,0,0,1,1
"1277",37,0,0,0,0,1,1
"1278",37,0,0,0,0,1,1
"1279",37,0,0,0,0,1,1
"1280",37,0,0,0,0,1,1
"1281",37,0,0,0,0,1,1
"1282",37,0,0,0,0,1,1
"1283",37,0,0,0,0,1,1
"1284",37,0,0,0,0,1,1
"1285",37,0,0,0,0,1,1
"1286",37,0,0,0,0,1,1
"1287",37,0,0,0,0,1,1
"1288",37,0,0,0,0,1,1
"1289",38,0,0,0,0,0,2
"1290",38,1,0,0,0,0,2
"1291",38,0,1,0,0,0,2
"1292",38,0,0,0,0,0,2
"1293",38,1,1,0,0,0,2
"1294",38,0,0,0,0,0,2
"1295",38,0,0,0,0,0,2
"1296",40,0,1,0,0,0,2.82842712474619
"1297",40,0,1,0,0,0,2.82842712474619
"1298",40,0,0,0,0,0,2.82842712474619
"1299",40,0,0,0,0,0,2.82842712474619
"1300",40,0,0,0,0,0,2.82842712474619
"1301",40,0,0,0,0,0,2.82842712474619
"1302",40,0,0,0,0,0,2.82842712474619
"1303",40,0,0,0,0,0,2.82842712474619
"1304",40,0,0,0,0,0,2.82842712474619
"1305",40,0,0,0,0,0,2.82842712474619
"1306",40,0,0,0,0,0,2.82842712474619
"1307",40,1,1,0,0,0,2.82842712474619
"1308",40,0,1,0,0,0,2.82842712474619
"1309",40,0,1,0,0,0,2.82842712474619
"1310",40,0,0,0,0,0,2.82842712474619
"1311",40,0,0,0,0,0,2.82842712474619
"1312",40,0,0,0,0,0,2.82842712474619
"1313",40,0,0,0,0,0,2.82842712474619
"1314",40,0,0,0,0,0,2.82842712474619
"1315",40,0,0,0,0,0,2.82842712474619
"1316",40,0,0,0,0,0,2.82842712474619
"1317",40,0,0,0,0,0,2.82842712474619
"1318",40,0,0,0,0,0,2.82842712474619
"1319",40,0,0,1,0,0,2.82842712474619
"1320",40,0,0,0,0,0,2.82842712474619
"1321",40,0,0,0,0,0,2.82842712474619
"1322",40,0,0,0,0,0,2.82842712474619
"1323",40,0,0,0,0,0,2.82842712474619
"1324",42,0,0,0,0,0,2.44948974278318
"1325",42,0,0,0,2,0,2.44948974278318
"1326",42,0,0,0,67,0,2.44948974278318
"1327",42,0,0,0,0,0,2.44948974278318
"1328",42,0,0,0,0,0,2.44948974278318
"1329",42,0,0,0,0,0,2.44948974278318
"1330",42,0,0,3,0,0,2.44948974278318
"1331",42,0,0,0,0,0,2.44948974278318
"1332",42,0,0,2,11,0,2.44948974278318
"1333",42,0,0,0,0,0,2.44948974278318
"1334",42,0,0,3,0,0,2.44948974278318
"1335",42,0,0,1,0,0,2.44948974278318
"1336",42,0,0,0,49,0,2.44948974278318
"1337",42,0,0,1,26,0,2.44948974278318
"1338",42,0,0,0,2,0,2.44948974278318
"1339",42,0,0,0,0,0,2.44948974278318
"1340",42,0,0,0,12,0,2.44948974278318
"1341",42,0,0,0,12,0,2.44948974278318
"1342",42,0,0,0,3,0,2.44948974278318
"1343",42,0,0,0,0,0,2.44948974278318
"1344",42,0,0,0,531,0,2.44948974278318
"1345",42,0,0,0,225,0,2.44948974278318
"1346",42,0,0,0,21,0,2.44948974278318
"1347",43,0,0,0,0,0,2.23606797749979
"1348",43,0,0,0,0,0,2.23606797749979
"1349",43,0,0,0,0,0,2.23606797749979
"1350",43,0,0,0,0,0,2.23606797749979
"1351",43,0,0,0,0,0,2.23606797749979
"1352",43,0,0,0,0,0,2.23606797749979
"1353",43,0,0,0,0,0,2.23606797749979
"1354",43,0,0,0,0,0,2.23606797749979
"1355",43,0,0,0,0,0,2.23606797749979
"1356",43,0,0,0,0,0,2.23606797749979
"1357",43,0,0,0,0,0,2.23606797749979
"1358",44,0,0,0,0,0,3
"1359",44,0,0,0,0,0,3
"1360",44,0,0,2,0,0,3
"1361",44,0,0,1,0,0,3
"1362",44,0,0,0,0,0,3
"1363",44,0,0,2,0,0,3
"1364",44,0,0,3,0,0,3
"1365",44,0,0,2,159,0,3
"1366",44,0,0,0,177,0,3
"1367",44,0,0,0,202,0,3
"1368",44,0,0,0,140,0,3
"1369",44,0,0,2,0,0,3
"1370",44,0,0,2,0,0,3
"1371",44,0,0,0,0,0,3
"1372",44,0,0,0,0,0,3
"1373",44,0,0,1,10,0,3
"1374",44,0,0,0,26,0,3
"1375",44,0,0,1,1,0,3
"1376",44,0,0,2,1,0,3
"1377",44,0,0,3,0,0,3
"1378",44,0,0,3,0,0,3
"1379",44,0,0,0,0,0,3
"1380",44,0,0,1,4,0,3
"1381",44,0,0,0,24,0,3
"1382",44,0,0,0,5,0,3
"1383",45,1,1,0,0,0,2
"1384",45,0,1,0,0,0,2
"1385",45,0,0,0,0,0,2
"1386",45,0,0,1,0,0,2
"1387",45,0,0,0,0,0,2
"1388",45,0,0,0,0,0,2
"1389",45,0,0,0,0,0,2
"1390",45,0,0,0,0,0,2
"1391",45,0,0,0,0,0,2
"1392",45,0,0,0,0,0,2
"1393",45,0,0,0,0,0,2
"1394",45,0,0,0,0,0,2
"1395",45,0,0,0,0,0,2
"1396",45,0,0,0,0,0,2
"1397",45,0,0,0,0,0,2
"1398",45,0,0,0,0,0,2
"1399",45,0,0,0,0,0,2
"1400",45,0,0,0,0,0,2
"1401",45,0,0,0,0,0,2
"1402",45,0,0,0,0,0,2
"1403",45,0,0,0,0,0,2
"1404",45,1,0,0,0,0,2
"1405",46,0,0,0,6,0,2.82842712474619
"1406",46,0,0,0,33,0,2.82842712474619
"1407",46,0,0,0,119,0,2.82842712474619
"1408",46,0,0,0,62,0,2.82842712474619
"1409",46,0,0,0,48,0,2.82842712474619
"1410",46,0,0,0,5,0,2.82842712474619
"1411",46,0,0,3,79,0,2.82842712474619
"1412",46,0,0,0,25,0,2.82842712474619
"1413",46,0,0,0,76,0,2.82842712474619
"1414",46,0,0,0,63,0,2.82842712474619
"1415",46,0,0,0,2,0,2.82842712474619
"1416",46,0,0,0,2,0,2.82842712474619
"1417",46,0,0,2,48,0,2.82842712474619
"1418",46,0,0,0,87,0,2.82842712474619
"1419",46,0,0,0,3,0,2.82842712474619
"1420",46,0,0,2,0,0,2.82842712474619
"1421",46,0,0,4,103,0,2.82842712474619
"1422",46,0,0,2,66,0,2.82842712474619
"1423",46,0,0,0,3,0,2.82842712474619
"1424",46,0,0,0,83,0,2.82842712474619
"1425",46,0,0,0,1,0,2.82842712474619
"1426",46,0,0,1,28,0,2.82842712474619
"1427",46,0,0,0,18,0,2.82842712474619
"1428",46,0,0,1,24,0,2.82842712474619
"1429",46,0,0,0,19,0,2.82842712474619
"1430",46,0,0,1,16,0,2.82842712474619
"1431",46,0,0,0,6,0,2.82842712474619
"1432",46,0,0,2,3,0,2.82842712474619
"1433",46,0,0,0,2,0,2.82842712474619
"1434",46,0,0,4,0,0,2.82842712474619
"1435",46,0,0,0,2,0,2.82842712474619
"1436",46,0,0,0,1,0,2.82842712474619
"1437",46,0,0,0,61,0,2.82842712474619
"1438",46,0,0,0,62,0,2.82842712474619
"1439",46,0,0,0,41,0,2.82842712474619
"1440",46,0,0,0,66,0,2.82842712474619
"1441",46,0,0,0,66,0,2.82842712474619
"1442",46,0,0,1,65,0,2.82842712474619
"1443",46,0,0,0,137,0,2.82842712474619
"1444",46,0,0,0,130,0,2.82842712474619
"1445",46,0,0,0,17,0,2.82842712474619
"1446",46,0,0,0,22,0,2.82842712474619
"1447",46,0,0,0,24,0,2.82842712474619
"1448",46,0,0,0,30,0,2.82842712474619
"1449",46,0,0,0,6,0,2.82842712474619
"1450",46,0,0,0,32,0,2.82842712474619
"1451",46,0,0,0,65,0,2.82842712474619
"1452",46,0,0,0,76,0,2.82842712474619
"1453",46,0,0,0,53,0,2.82842712474619
"1454",46,0,0,0,55,0,2.82842712474619
"1455",46,0,0,0,50,0,2.82842712474619
"1456",46,0,0,0,59,0,2.82842712474619
"1457",46,0,0,0,1,0,2.82842712474619
"1458",46,0,0,0,13,0,2.82842712474619
"1459",46,0,0,2,13,0,2.82842712474619
"1460",46,0,0,0,37,0,2.82842712474619
"1461",46,0,0,0,65,0,2.82842712474619
"1462",46,0,0,0,60,0,2.82842712474619
"1463",46,0,0,0,12,0,2.82842712474619
"1464",46,0,0,0,40,0,2.82842712474619
"1465",46,0,0,0,106,0,2.82842712474619
"1466",46,0,0,0,45,0,2.82842712474619
"1467",46,0,0,0,11,0,2.82842712474619
"1468",46,0,0,0,3,0,2.82842712474619
"1469",46,0,0,0,4,0,2.82842712474619
"1470",46,0,0,0,0,0,2.82842712474619
"1471",46,0,0,0,0,0,2.82842712474619
"1472",46,0,0,0,0,0,2.82842712474619
"1473",46,0,0,0,0,0,2.82842712474619
"1474",46,0,0,2,0,0,2.82842712474619
"1475",46,0,0,0,0,0,2.82842712474619
"1476",46,0,0,0,0,0,2.82842712474619
"1477",46,0,0,0,0,0,2.82842712474619
"1478",46,0,0,0,20,0,2.82842712474619
"1479",46,0,0,0,141,0,2.82842712474619
"1480",46,0,0,0,97,0,2.82842712474619
"1481",46,0,0,0,95,0,2.82842712474619
"1482",46,0,0,0,35,0,2.82842712474619
"1483",46,0,0,0,6,0,2.82842712474619
"1484",46,0,0,0,65,0,2.82842712474619
"1485",46,0,0,0,17,0,2.82842712474619
"1486",46,0,0,0,8,0,2.82842712474619
"1487",46,0,0,0,68,0,2.82842712474619
"1488",46,0,0,0,24,0,2.82842712474619
"1489",46,0,0,0,30,0,2.82842712474619
"1490",46,0,0,2,10,0,2.82842712474619
"1491",46,0,0,0,14,0,2.82842712474619
"1492",47,0,0,0,4,1,3.46410161513775
"1493",47,0,0,0,14,1,3.46410161513775
"1494",47,0,0,0,0,1,3.46410161513775
"1495",47,0,0,0,0,1,3.46410161513775
"1496",47,0,0,0,13,1,3.46410161513775
"1497",47,0,0,0,17,1,3.46410161513775
"1498",47,0,0,0,9,1,3.46410161513775
"1499",47,0,0,0,88,1,3.46410161513775
"1500",47,0,0,0,88,1,3.46410161513775
"1501",47,0,0,0,71,1,3.46410161513775
"1502",47,0,0,0,3,1,3.46410161513775
"1503",47,0,0,0,2,1,3.46410161513775
"1504",47,0,0,0,30,1,3.46410161513775
"1505",47,0,0,0,120,1,3.46410161513775
"1506",47,0,0,0,37,1,3.46410161513775
"1507",47,0,0,0,6,1,3.46410161513775
"1508",47,0,0,0,3,1,3.46410161513775
"1509",47,0,0,0,11,1,3.46410161513775
"1510",47,0,0,0,41,1,3.46410161513775
"1511",47,0,0,0,42,1,3.46410161513775
"1512",47,0,0,0,34,1,3.46410161513775
"1513",47,0,0,0,0,1,3.46410161513775
"1514",47,0,0,0,2,1,3.46410161513775
"1515",47,0,0,0,5,1,3.46410161513775
"1516",47,0,0,0,1,1,3.46410161513775
"1517",47,0,0,0,1,1,3.46410161513775
"1518",47,0,0,1,1,1,3.46410161513775
"1519",47,0,0,0,37,1,3.46410161513775
"1520",47,0,0,0,35,1,3.46410161513775
"1521",47,0,0,0,83,1,3.46410161513775
"1522",47,0,0,0,42,1,3.46410161513775
"1523",47,0,0,1,37,1,3.46410161513775
"1524",47,0,0,0,9,1,3.46410161513775
"1525",47,0,0,0,0,1,3.46410161513775
"1526",47,1,0,1,77,1,3.46410161513775
"1527",47,1,0,1,76,1,3.46410161513775
"1528",47,0,1,0,4,1,3.46410161513775
"1529",47,0,0,0,4,1,3.46410161513775
"1530",47,0,0,0,115,1,3.46410161513775
"1531",47,1,0,0,74,1,3.46410161513775
"1532",47,1,1,1,3,1,3.46410161513775
"1533",47,1,1,1,0,1,3.46410161513775
"1534",47,0,0,0,24,1,3.46410161513775
"1535",47,0,0,1,9,1,3.46410161513775
"1536",47,1,0,0,61,1,3.46410161513775
"1537",47,0,0,0,2,1,3.46410161513775
"1538",47,0,0,0,53,1,3.46410161513775
"1539",47,0,0,0,67,1,3.46410161513775
"1540",47,0,0,0,50,1,3.46410161513775
"1541",47,0,0,1,36,1,3.46410161513775
"1542",47,0,0,0,126,1,3.46410161513775
"1543",47,0,0,0,52,1,3.46410161513775
"1544",47,0,0,1,0,1,3.46410161513775
"1545",47,0,0,2,0,1,3.46410161513775
"1546",47,0,0,2,0,1,3.46410161513775
"1547",47,0,0,2,0,1,3.46410161513775
"1548",47,0,0,3,0,1,3.46410161513775
"1549",47,0,0,1,0,1,3.46410161513775
"1550",47,0,0,2,210,1,3.46410161513775
"1551",47,0,0,0,139,1,3.46410161513775
"1552",47,0,0,0,85,1,3.46410161513775
"1553",47,0,0,2,117,1,3.46410161513775
"1554",47,1,0,0,92,1,3.46410161513775
"1555",47,0,0,0,78,1,3.46410161513775
"1556",47,1,0,1,74,1,3.46410161513775
"1557",47,0,1,0,108,1,3.46410161513775
"1558",47,0,0,0,6,1,3.46410161513775
"1559",48,1,0,0,0,1,2.44948974278318
"1560",48,0,1,0,0,1,2.44948974278318
"1561",48,0,1,0,0,1,2.44948974278318
"1562",48,0,0,0,0,1,2.44948974278318
"1563",48,1,0,0,0,1,2.44948974278318
"1564",48,0,1,0,0,1,2.44948974278318
"1565",48,0,0,0,0,1,2.44948974278318
"1566",48,0,0,0,0,1,2.44948974278318
"1567",48,0,0,0,0,1,2.44948974278318
"1568",48,0,0,0,0,1,2.44948974278318
"1569",48,0,0,0,0,1,2.44948974278318
"1570",48,0,0,0,0,1,2.44948974278318
"1571",48,0,0,0,0,1,2.44948974278318
"1572",48,0,0,0,0,1,2.44948974278318
"1573",48,0,0,0,0,1,2.44948974278318
"1574",48,0,0,0,0,1,2.44948974278318
"1575",48,0,0,0,0,1,2.44948974278318
"1576",48,0,0,0,0,1,2.44948974278318
"1577",48,0,0,0,0,1,2.44948974278318
"1578",48,0,0,0,0,1,2.44948974278318
"1579",48,0,0,0,0,1,2.44948974278318
"1580",48,0,0,0,0,1,2.44948974278318
"1581",48,0,0,0,0,1,2.44948974278318
"1582",48,0,0,0,0,1,2.44948974278318
"1583",48,0,0,0,0,1,2.44948974278318
"1584",48,0,0,0,0,1,2.44948974278318
"1585",48,0,0,0,0,1,2.44948974278318
"1586",49,1,1,0,0,1,2
"1587",49,1,1,0,0,1,2
"1588",49,1,1,0,0,1,2
"1589",49,0,1,0,0,1,2
"1590",49,0,0,0,0,1,2
"1591",49,1,0,0,0,1,2
"1592",49,0,1,0,0,1,2
"1593",49,1,0,0,0,1,2
"1594",49,0,1,0,0,1,2
"1595",49,0,0,0,0,1,2
"1596",49,0,0,0,0,1,2
"1597",49,1,0,0,0,1,2
"1598",49,1,1,0,0,1,2
"1599",49,0,1,0,0,1,2
"1600",49,0,0,0,0,1,2
"1601",49,0,0,0,0,1,2
"1602",49,0,0,0,0,1,2
"1603",49,0,0,0,0,1,2
"1604",49,1,0,0,0,1,2
"1605",49,1,1,0,0,1,2
"1606",49,0,1,0,0,1,2
"1607",49,0,0,0,0,1,2
"1608",49,0,0,0,0,1,2
"1609",49,0,0,0,0,1,2
"1610",49,0,0,0,0,1,2
"1611",49,0,0,0,0,1,2
"1612",49,0,0,0,0,1,2
"1613",49,0,0,0,0,1,2
"1614",49,1,0,0,0,1,2
"1615",49,0,0,0,0,1,2
"1616",49,0,0,0,0,1,2
"1617",49,0,0,0,0,1,2
"1618",51,0,0,0,0,1,2.64575131106459
"1619",51,0,0,0,0,1,2.64575131106459
"1620",51,0,0,0,0,1,2.64575131106459
"1621",51,0,0,0,0,1,2.64575131106459
"1622",51,0,0,0,0,1,2.64575131106459
"1623",51,0,0,0,0,1,2.64575131106459
"1624",51,0,0,0,0,1,2.64575131106459
"1625",51,0,0,2,0,1,2.64575131106459
"1626",51,0,0,2,0,1,2.64575131106459
"1627",51,0,0,0,0,1,2.64575131106459
"1628",51,0,0,0,0,1,2.64575131106459
"1629",51,0,0,0,0,1,2.64575131106459
"1630",51,0,0,0,0,1,2.64575131106459
"1631",51,0,0,0,0,1,2.64575131106459
"1632",52,0,0,0,0,0,1.4142135623731
"1633",52,0,0,6,3,0,1.4142135623731
"1634",52,0,0,5,1,0,1.4142135623731
"1635",52,0,0,5,1,0,1.4142135623731
"1636",52,0,0,1,1,0,1.4142135623731
"1637",52,0,0,1,3,0,1.4142135623731
"1638",52,0,0,0,4,0,1.4142135623731
"1639",52,0,0,0,15,0,1.4142135623731
"1640",52,0,0,0,4,0,1.4142135623731
"1641",52,0,0,0,242,0,1.4142135623731
"1642",52,0,0,0,186,0,1.4142135623731
"1643",52,0,0,0,188,0,1.4142135623731
"1644",52,0,0,0,16,0,1.4142135623731
"1645",52,0,0,0,0,0,1.4142135623731
"1646",52,1,0,0,13,0,1.4142135623731
"1647",52,0,1,0,0,0,1.4142135623731
"1648",52,0,0,0,0,0,1.4142135623731
"1649",52,0,0,0,0,0,1.4142135623731
"1650",52,0,0,0,55,0,1.4142135623731
"1651",52,0,0,0,0,0,1.4142135623731
"1652",52,0,0,0,0,0,1.4142135623731
"1653",52,1,0,0,0,0,1.4142135623731
"1654",54,0,0,0,0,0,2
"1655",54,0,0,0,0,0,2
"1656",54,0,0,2,0,0,2
"1657",54,0,0,0,0,0,2
"1658",54,0,0,0,0,0,2
"1659",54,0,0,0,0,0,2
"1660",54,0,0,0,0,0,2
"1661",54,0,0,0,0,0,2
"1662",54,0,0,0,0,0,2
"1663",54,0,0,0,0,0,2
"1664",54,0,0,0,0,0,2
"1665",54,0,0,0,0,0,2
"1666",54,0,0,0,0,0,2
"1667",54,0,0,0,0,0,2
"1668",54,0,0,0,0,0,2
"1669",54,0,0,0,0,0,2
"1670",54,0,0,0,0,0,2
"1671",54,0,0,0,0,0,2
"1672",54,0,0,0,0,0,2
"1673",54,0,0,0,0,0,2
"1674",54,0,0,0,0,0,2
"1675",54,0,0,0,0,0,2
"1676",54,0,0,0,0,0,2
"1677",54,0,0,0,0,0,2
"1678",54,0,0,0,0,0,2
"1679",54,0,0,0,0,0,2
"1680",54,0,0,0,0,0,2
"1681",54,0,0,0,0,0,2
"1682",54,0,0,0,0,0,2
"1683",54,0,0,0,0,0,2
"1684",54,0,0,0,0,0,2
"1685",54,0,0,0,0,0,2
"1686",54,0,0,0,0,0,2
"1687",54,0,0,0,0,0,2
"1688",54,0,0,0,0,0,2
"1689",54,0,0,0,0,0,2
"1690",54,0,0,1,0,0,2
"1691",54,0,0,0,0,0,2
"1692",54,0,0,0,0,0,2
"1693",54,0,0,0,0,0,2
"1694",54,0,0,0,0,0,2
"1695",54,0,0,0,0,0,2
"1696",54,0,0,0,0,0,2
"1697",54,0,0,0,0,0,2
"1698",54,0,0,0,0,0,2
"1699",54,0,0,0,0,0,2
"1700",54,0,0,0,0,0,2
"1701",54,0,0,0,0,0,2
"1702",54,0,0,0,0,0,2
"1703",54,0,0,0,0,0,2
"1704",54,0,0,0,0,0,2
"1705",54,0,0,0,0,0,2
"1706",54,0,0,0,0,0,2
"1707",54,0,0,0,0,0,2
"1708",54,0,0,0,0,0,2
"1709",54,0,0,0,0,0,2
"1710",54,0,0,0,0,0,2
"1711",54,0,0,0,0,0,2
"1712",54,0,0,0,0,0,2
"1713",54,0,0,0,0,0,2
"1714",54,0,0,0,0,0,2
"1715",54,0,0,0,0,0,2
"1716",54,0,0,0,0,0,2
"1717",54,0,0,0,0,0,2
"1718",54,0,0,0,0,0,2
"1719",54,0,0,0,0,0,2
"1720",54,0,0,0,0,0,2
"1721",54,0,0,0,0,0,2
"1722",54,0,0,0,0,0,2
"1723",54,0,0,0,0,0,2
"1724",54,0,0,0,0,0,2
"1725",54,0,0,0,0,0,2
"1726",54,0,0,0,0,0,2
"1727",54,0,0,0,0,0,2
"1728",54,0,0,0,0,0,2
"1729",54,0,0,0,0,0,2
"1730",54,0,0,0,0,0,2
"1731",54,0,0,0,0,0,2
"1732",54,0,0,0,0,0,2
"1733",54,0,0,0,0,0,2
"1734",54,0,0,0,0,0,2
"1735",54,0,0,0,0,0,2
"1736",55,0,0,0,0,1,2
"1737",55,0,0,0,0,1,2
"1738",55,0,0,0,0,1,2
"1739",55,0,0,0,0,1,2
"1740",55,0,0,0,0,1,2
"1741",55,0,0,0,0,1,2
"1742",55,0,0,0,0,1,2
"1743",55,0,0,0,0,1,2
"1744",55,0,0,0,0,1,2
"1745",55,0,0,0,0,1,2
"1746",55,0,0,0,0,1,2
"1747",55,0,0,0,0,1,2
"1748",55,0,0,0,0,1,2
"1749",55,0,0,0,0,1,2
"1750",55,0,0,0,0,1,2
"1751",55,0,0,0,0,1,2
"1752",55,0,0,0,0,1,2
"1753",55,0,0,0,0,1,2
"1754",55,0,0,0,0,1,2
"1755",55,0,0,0,0,1,2
"1756",55,0,0,0,0,1,2
"1757",55,0,0,0,0,1,2
"1758",55,0,0,0,0,1,2
"1759",55,0,0,0,0,1,2
"1760",55,0,0,0,0,1,2
"1761",55,0,0,0,0,1,2
"1762",55,0,0,0,0,1,2
"1763",55,0,0,0,0,1,2
"1764",55,0,0,0,0,1,2
"1765",55,0,0,0,0,1,2
"1766",55,0,0,0,0,1,2
"1767",55,0,0,0,0,1,2
"1768",56,0,0,0,0,1,1.73205080756888
"1769",56,0,0,0,0,1,1.73205080756888
"1770",56,0,0,0,0,1,1.73205080756888
"1771",56,0,0,0,0,1,1.73205080756888
"1772",56,0,0,0,0,1,1.73205080756888
"1773",56,0,0,0,0,1,1.73205080756888
"1774",56,0,0,0,0,1,1.73205080756888
"1775",56,0,0,0,0,1,1.73205080756888
"1776",56,0,0,0,0,1,1.73205080756888
"1777",56,0,0,0,0,1,1.73205080756888
"1778",56,0,0,0,0,1,1.73205080756888
"1779",56,0,0,0,0,1,1.73205080756888
"1780",56,0,0,0,0,1,1.73205080756888
"1781",56,0,0,0,0,1,1.73205080756888
"1782",56,0,0,0,0,1,1.73205080756888
"1783",56,0,0,0,0,1,1.73205080756888
"1784",56,0,0,0,0,1,1.73205080756888
"1785",56,0,0,0,0,1,1.73205080756888
"1786",56,0,0,0,0,1,1.73205080756888
"1787",56,0,0,0,0,1,1.73205080756888
"1788",56,0,0,0,0,1,1.73205080756888
"1789",56,0,0,0,0,1,1.73205080756888
"1790",56,0,0,0,0,1,1.73205080756888
"1791",56,0,0,0,0,1,1.73205080756888
"1792",56,0,0,0,0,1,1.73205080756888
"1793",56,0,0,0,0,1,1.73205080756888
"1794",56,0,0,0,0,1,1.73205080756888
"1795",56,0,0,0,0,1,1.73205080756888
"1796",56,0,0,0,0,1,1.73205080756888
"1797",56,0,0,0,0,1,1.73205080756888
"1798",56,0,0,0,0,1,1.73205080756888
"1799",56,0,0,0,0,1,1.73205080756888
"1800",56,0,0,0,0,1,1.73205080756888
"1801",56,0,0,0,0,1,1.73205080756888
"1802",56,0,0,0,0,1,1.73205080756888
"1803",56,0,0,0,0,1,1.73205080756888
"1804",56,0,0,0,0,1,1.73205080756888
"1805",56,0,0,0,0,1,1.73205080756888
"1806",56,0,0,0,0,1,1.73205080756888
"1807",56,0,0,0,0,1,1.73205080756888
"1808",56,0,0,0,0,1,1.73205080756888
"1809",56,0,0,0,0,1,1.73205080756888
"1810",56,0,0,0,0,1,1.73205080756888
"1811",56,0,0,0,0,1,1.73205080756888
"1812",56,0,0,0,0,1,1.73205080756888
"1813",56,0,0,0,0,1,1.73205080756888
"1814",56,0,0,0,0,1,1.73205080756888
"1815",56,0,0,0,0,1,1.73205080756888
"1816",56,0,0,0,0,1,1.73205080756888
"1817",56,0,0,0,0,1,1.73205080756888
"1818",56,0,0,0,0,1,1.73205080756888
"1819",56,0,0,0,0,1,1.73205080756888
"1820",56,0,0,0,0,1,1.73205080756888
"1821",56,0,0,0,0,1,1.73205080756888
"1822",56,0,0,0,0,1,1.73205080756888
"1823",56,0,0,0,0,1,1.73205080756888
"1824",56,0,0,0,0,1,1.73205080756888
"1825",56,0,0,0,0,1,1.73205080756888
"1826",56,0,0,0,0,1,1.73205080756888
"1827",56,0,0,0,0,1,1.73205080756888
"1828",56,0,0,0,0,1,1.73205080756888
"1829",56,0,0,0,0,1,1.73205080756888
"1830",56,0,0,0,0,1,1.73205080756888
"1831",56,0,0,0,0,1,1.73205080756888
"1832",56,0,0,0,0,1,1.73205080756888
"1833",56,0,0,0,0,1,1.73205080756888
"1834",56,0,0,0,0,1,1.73205080756888
"1835",56,0,0,0,0,1,1.73205080756888
"1836",56,0,0,0,0,1,1.73205080756888
"1837",56,0,0,0,0,1,1.73205080756888
"1838",56,0,0,0,0,1,1.73205080756888
"1839",56,0,0,0,0,1,1.73205080756888
"1840",56,0,0,0,0,1,1.73205080756888
"1841",56,0,0,0,0,1,1.73205080756888
"1842",56,0,0,0,0,1,1.73205080756888
"1843",56,0,0,0,0,1,1.73205080756888
"1844",56,0,0,0,0,1,1.73205080756888
"1845",56,0,0,0,0,1,1.73205080756888
"1846",56,0,0,0,0,1,1.73205080756888
"1847",56,0,0,0,0,1,1.73205080756888
"1848",56,0,0,0,0,1,1.73205080756888
"1849",56,0,0,0,0,1,1.73205080756888
"1850",56,0,0,0,0,1,1.73205080756888
"1851",56,0,0,0,0,1,1.73205080756888
"1852",56,0,0,0,0,1,1.73205080756888
"1853",56,0,0,0,0,1,1.73205080756888
"1854",56,0,0,0,0,1,1.73205080756888
"1855",56,0,0,0,0,1,1.73205080756888
"1856",56,0,0,0,0,1,1.73205080756888
"1857",56,0,0,0,0,1,1.73205080756888
"1858",57,0,0,0,0,0,1.73205080756888
"1859",57,0,0,0,11,0,1.73205080756888
"1860",57,0,0,0,0,0,1.73205080756888
"1861",57,0,0,0,0,0,1.73205080756888
"1862",57,0,0,0,81,0,1.73205080756888
"1863",57,0,0,0,1,0,1.73205080756888
"1864",57,0,0,0,1,0,1.73205080756888
"1865",57,0,0,1,4,0,1.73205080756888
"1866",57,0,0,0,64,0,1.73205080756888
"1867",57,0,0,0,46,0,1.73205080756888
"1868",57,0,0,0,51,0,1.73205080756888
"1869",57,0,0,0,38,0,1.73205080756888
"1870",57,0,0,0,57,0,1.73205080756888
"1871",57,0,0,0,10,0,1.73205080756888
"1872",57,0,0,0,5,0,1.73205080756888
"1873",57,0,0,0,48,0,1.73205080756888
"1874",57,0,0,0,37,0,1.73205080756888
"1875",57,0,0,0,96,0,1.73205080756888
"1876",57,0,0,0,132,0,1.73205080756888
"1877",57,0,0,0,154,0,1.73205080756888
"1878",57,0,0,0,106,0,1.73205080756888
"1879",57,0,0,0,64,0,1.73205080756888
"1880",57,0,0,0,85,0,1.73205080756888
"1881",57,0,0,0,132,0,1.73205080756888
"1882",57,0,0,0,107,0,1.73205080756888
"1883",57,0,0,0,340,0,1.73205080756888
"1884",57,0,0,0,259,0,1.73205080756888
"1885",57,0,0,0,202,0,1.73205080756888
"1886",57,0,0,0,217,0,1.73205080756888
"1887",57,0,0,0,73,0,1.73205080756888
"1888",57,0,0,0,60,0,1.73205080756888
"1889",57,0,0,0,277,0,1.73205080756888
"1890",57,0,0,0,364,0,1.73205080756888
"1891",57,0,0,0,318,0,1.73205080756888
"1892",57,0,0,0,442,0,1.73205080756888
"1893",57,0,0,0,347,0,1.73205080756888
"1894",57,0,0,0,157,0,1.73205080756888
"1895",57,0,0,0,259,0,1.73205080756888
"1896",57,0,0,0,241,0,1.73205080756888
"1897",57,0,0,0,116,0,1.73205080756888
"1898",57,0,0,0,63,0,1.73205080756888
"1899",57,0,0,0,63,0,1.73205080756888
"1900",57,0,0,0,352,0,1.73205080756888
"1901",57,0,0,0,89,0,1.73205080756888
"1902",57,0,0,0,300,0,1.73205080756888
"1903",57,0,0,0,89,0,1.73205080756888
"1904",57,0,0,0,184,0,1.73205080756888
"1905",57,0,0,0,364,0,1.73205080756888
"1906",57,0,0,0,126,0,1.73205080756888
"1907",57,0,0,2,155,0,1.73205080756888
"1908",57,0,0,0,70,0,1.73205080756888
"1909",57,0,0,0,241,0,1.73205080756888
"1910",57,0,0,0,137,0,1.73205080756888
"1911",57,0,0,0,132,0,1.73205080756888
"1912",57,0,0,0,147,0,1.73205080756888
"1913",57,0,0,0,121,0,1.73205080756888
"1914",58,0,0,2,4,1,3
"1915",58,0,0,3,0,1,3
"1916",58,0,0,0,6,1,3
"1917",58,0,0,10,11,1,3
"1918",58,0,0,9,1,1,3
"1919",58,0,0,3,0,1,3
"1920",58,0,0,4,0,1,3
"1921",58,0,0,5,0,1,3
"1922",58,0,0,4,0,1,3
"1923",58,0,0,0,0,1,3
"1924",58,0,0,0,0,1,3
"1925",58,0,0,6,0,1,3
"1926",58,0,0,16,0,1,3
"1927",58,0,0,0,2,1,3
"1928",58,0,0,9,1,1,3
"1929",58,0,0,9,1,1,3
"1930",58,0,0,5,1,1,3
"1931",58,0,0,5,0,1,3
"1932",58,0,0,13,0,1,3
"1933",58,0,0,6,0,1,3
"1934",58,0,0,7,0,1,3
"1935",58,0,0,2,0,1,3
"1936",58,0,0,5,0,1,3
"1937",58,0,0,5,0,1,3
"1938",58,0,0,0,0,1,3
"1939",58,0,0,13,0,1,3
"1940",58,0,0,13,0,1,3
"1941",58,0,0,31,0,1,3
"1942",58,0,0,37,0,1,3
"1943",58,0,0,1,0,1,3
"1944",58,0,0,10,0,1,3
"1945",58,0,0,15,0,1,3
"1946",58,0,0,15,0,1,3
"1947",58,0,0,15,0,1,3
"1948",58,0,0,5,0,1,3
"1949",58,0,0,1,0,1,3
"1950",58,0,0,15,5,1,3
"1951",58,0,0,15,0,1,3
"1952",58,0,0,0,0,1,3
"1953",58,0,0,1,1,1,3
"1954",58,0,0,5,4,1,3
"1955",58,0,0,2,23,1,3
"1956",58,0,0,9,9,1,3
"1957",58,0,0,17,0,1,3
"1958",58,0,0,3,3,1,3
"1959",58,0,0,2,0,1,3
"1960",58,0,0,1,8,1,3
"1961",58,0,0,0,0,1,3
"1962",58,0,0,1,0,1,3
"1963",58,0,0,0,0,1,3
"1964",58,0,0,0,0,1,3
"1965",58,0,0,4,0,1,3
"1966",58,0,0,4,0,1,3
"1967",58,0,0,4,0,1,3
"1968",58,0,0,0,26,1,3
"1969",58,0,0,7,86,1,3
"1970",58,0,0,8,55,1,3
"1971",58,0,0,11,18,1,3
"1972",58,0,0,5,29,1,3
"1973",58,0,0,5,38,1,3
"1974",58,0,0,7,10,1,3
"1975",58,0,0,9,2,1,3
"1976",58,0,0,14,16,1,3
"1977",58,0,0,8,4,1,3
"1978",58,0,0,9,10,1,3
"1979",58,0,0,5,70,1,3
"1980",58,0,0,5,52,1,3
"1981",58,0,0,5,56,1,3
"1982",58,0,0,3,9,1,3
"1983",58,0,0,11,16,1,3
"1984",58,0,0,24,12,1,3
"1985",58,0,0,5,0,1,3
"1986",58,0,0,15,0,1,3
"1987",58,0,0,10,0,1,3
"1988",58,0,0,2,0,1,3
"1989",58,0,0,84,0,1,3
"1990",58,0,0,95,0,1,3
"1991",58,0,0,97,0,1,3
"1992",58,0,0,23,0,1,3
"1993",58,0,0,17,0,1,3
"1994",58,0,0,23,0,1,3
"1995",58,0,0,10,0,1,3
"1996",58,0,0,25,0,1,3
"1997",58,0,0,11,0,1,3
"1998",58,0,0,3,231,1,3
"1999",58,0,0,1,216,1,3
"2000",58,0,0,2,112,1,3
"2001",58,0,0,2,44,1,3
"2002",58,0,0,6,126,1,3
"2003",58,0,0,8,135,1,3
"2004",58,0,0,5,12,1,3
"2005",58,0,0,3,66,1,3
"2006",58,0,0,3,71,1,3
"2007",58,0,0,4,73,1,3
"2008",58,0,0,4,69,1,3
"2009",58,0,0,1,17,1,3
"2010",58,0,0,2,0,1,3
"2011",58,0,0,3,0,1,3
"2012",58,0,0,5,0,1,3
"2013",58,0,0,0,0,1,3
"2014",58,0,0,4,0,1,3
"2015",58,0,0,4,32,1,3
"2016",59,0,0,0,0,0,0
"2017",59,0,0,0,0,0,0
"2018",59,0,0,0,0,0,0
"2019",59,0,0,0,0,0,0
"2020",59,0,0,0,0,0,0
"2021",59,0,0,0,0,0,0
"2022",59,0,0,0,0,0,0
"2023",59,0,0,0,0,0,0
"2024",59,0,0,0,0,0,0
"2025",59,0,0,0,0,0,0
"2026",59,0,0,0,0,0,0
"2027",59,0,0,0,0,0,0
"2028",59,0,0,0,0,0,0
"2029",59,0,0,0,0,0,0
"2030",59,0,0,0,0,0,0
"2031",59,0,0,0,0,0,0
"2032",59,0,0,0,0,0,0
"2033",59,0,0,0,0,0,0
"2034",59,0,0,0,0,0,0
"2035",59,0,0,0,0,0,0
"2036",59,0,0,0,0,0,0
"2037",59,0,0,0,0,0,0
"2038",59,0,0,0,0,0,0
"2039",59,0,0,0,0,0,0
"2040",59,0,0,0,0,0,0
"2041",59,0,0,0,0,0,0
"2042",59,0,0,0,0,0,0
"2043",59,0,0,0,0,0,0
"2044",59,0,0,0,0,0,0
"2045",59,0,0,0,0,0,0
"2046",59,0,0,0,0,0,0
"2047",59,0,0,0,0,0,0
"2048",59,0,0,0,0,0,0
"2049",59,0,0,0,0,0,0
"2050",59,0,0,0,0,0,0
"2051",59,0,0,0,0,0,0
"2052",59,0,0,0,0,0,0
"2053",59,0,0,0,0,0,0
"2054",59,0,0,0,0,0,0
"2055",59,0,0,0,0,0,0
"2056",59,0,0,0,0,0,0
"2057",59,0,0,0,0,0,0
"2058",59,0,0,0,0,0,0
"2059",59,0,0,0,0,0,0
"2060",59,0,0,0,0,0,0
"2061",59,0,0,0,0,0,0
"2062",59,0,0,0,0,0,0
"2063",59,0,0,0,0,0,0
"2064",59,0,0,0,0,0,0
"2065",59,0,0,0,0,0,0
"2066",59,0,0,0,0,0,0
"2067",59,0,0,0,0,0,0
"2068",59,0,0,0,0,0,0
"2069",59,0,0,0,0,0,0
"2070",59,0,0,0,0,0,0
"2071",59,0,0,0,0,0,0
"2072",59,0,0,0,0,0,0
"2073",59,0,0,0,0,0,0
"2074",59,0,0,0,0,0,0
"2075",59,0,0,0,0,0,0
"2076",59,0,0,0,0,0,0
"2077",59,0,0,0,0,0,0
"2078",59,0,0,0,0,0,0
"2079",59,0,0,0,0,0,0
"2080",59,0,0,0,0,0,0
"2081",59,0,0,0,0,0,0
"2082",59,0,0,0,0,0,0
"2083",59,0,0,0,0,0,0
"2084",59,0,0,0,0,0,0
"2085",59,0,0,0,0,0,0
"2086",59,0,0,0,0,0,0
"2087",59,0,0,0,0,0,0
"2088",59,0,0,0,0,0,0
"2089",59,0,0,0,0,0,0
"2090",59,0,0,0,0,0,0
"2091",59,0,0,0,0,0,0
"2092",59,0,0,0,0,0,0
"2093",59,0,0,0,0,0,0
"2094",59,0,0,0,0,0,0
"2095",59,0,0,0,0,0,0
"2096",59,0,0,0,0,0,0
"2097",59,0,0,0,0,0,0
"2098",59,0,0,0,0,0,0
"2099",59,0,0,0,0,0,0
"2100",59,0,0,0,0,0,0
"2101",59,0,0,0,0,0,0
"2102",59,0,0,0,0,0,0
"2103",59,0,0,0,0,0,0
"2104",59,0,0,0,0,0,0
"2105",59,0,0,0,0,0,0
"2106",59,0,0,0,0,0,0
"2107",59,0,0,0,0,0,0
"2108",59,0,0,0,0,0,0
"2109",59,0,0,0,0,0,0
"2110",59,0,0,0,0,0,0
"2111",59,0,0,0,0,0,0
"2112",59,0,0,0,0,0,0
"2113",59,0,0,0,0,0,0
"2114",59,0,0,0,0,0,0
"2115",59,0,0,0,0,0,0
"2116",59,0,0,0,0,0,0
"2117",59,0,0,0,0,0,0
"2118",59,0,0,0,0,0,0
"2119",59,0,0,0,0,0,0
"2120",59,0,0,0,0,0,0
"2121",59,0,0,0,0,0,0
"2122",59,0,0,0,0,0,0
"2123",59,0,0,0,0,0,0
"2124",59,0,0,0,0,0,0
"2125",59,0,0,0,0,0,0
"2126",59,0,0,0,0,0,0
"2127",59,0,0,0,0,0,0
"2128",59,0,0,0,0,0,0
"2129",59,0,0,0,0,0,0
"2130",59,0,0,0,0,0,0
"2131",59,0,0,0,0,0,0
"2132",59,0,0,0,0,0,0
"2133",59,0,0,0,0,0,0
"2134",59,0,0,0,0,0,0
"2135",59,0,0,0,0,0,0
"2136",59,0,0,0,0,0,0
"2137",59,0,0,0,0,0,0
"2138",59,0,0,0,0,0,0
"2139",59,0,0,0,0,0,0
"2140",59,0,0,0,0,0,0
"2141",59,0,0,0,0,0,0
"2142",59,0,0,0,0,0,0
"2143",59,0,0,0,0,0,0
"2144",59,0,0,0,0,0,0
"2145",60,0,0,0,0,0,2.23606797749979
"2146",60,0,0,0,0,0,2.23606797749979
"2147",60,0,0,0,0,0,2.23606797749979
"2148",60,0,0,0,0,0,2.23606797749979
"2149",60,0,0,0,0,0,2.23606797749979
"2150",60,0,0,0,0,0,2.23606797749979
"2151",60,0,0,0,0,0,2.23606797749979
"2152",60,0,0,0,0,0,2.23606797749979
"2153",60,0,0,0,0,0,2.23606797749979
"2154",60,0,0,0,0,0,2.23606797749979
"2155",60,0,0,0,0,0,2.23606797749979
"2156",60,0,0,0,0,0,2.23606797749979
"2157",60,0,0,0,0,0,2.23606797749979
"2158",60,0,0,0,0,0,2.23606797749979
"2159",60,0,0,0,0,0,2.23606797749979
"2160",60,0,0,0,0,0,2.23606797749979
"2161",60,0,0,2,0,0,2.23606797749979
"2162",60,0,0,0,0,0,2.23606797749979
"2163",60,0,0,2,0,0,2.23606797749979
"2164",60,0,0,0,0,0,2.23606797749979
"2165",60,0,0,0,0,0,2.23606797749979
"2166",60,0,0,0,0,0,2.23606797749979
"2167",60,0,0,0,0,0,2.23606797749979
"2168",60,0,0,0,0,0,2.23606797749979
"2169",60,0,0,0,0,0,2.23606797749979
"2170",60,0,0,0,0,0,2.23606797749979
"2171",60,0,0,0,0,0,2.23606797749979
"2172",60,0,0,0,0,0,2.23606797749979
"2173",60,0,0,0,0,0,2.23606797749979
"2174",60,0,0,0,0,0,2.23606797749979
"2175",60,0,0,0,0,0,2.23606797749979
"2176",60,0,0,0,0,0,2.23606797749979
"2177",60,0,0,0,0,0,2.23606797749979
"2178",60,0,0,0,0,0,2.23606797749979
"2179",60,0,0,0,0,0,2.23606797749979
"2180",60,0,0,0,0,0,2.23606797749979
"2181",60,0,0,0,0,0,2.23606797749979
"2182",60,0,0,0,0,0,2.23606797749979
"2183",60,0,0,0,0,0,2.23606797749979
"2184",60,0,0,0,0,0,2.23606797749979
"2185",61,0,0,0,337,1,1
"2186",61,0,0,1,337,1,1
"2187",61,0,0,10,2,1,1
"2188",61,0,0,9,2,1,1
"2189",61,0,0,10,0,1,1
"2190",61,0,0,10,0,1,1
"2191",61,0,0,13,0,1,1
"2192",61,0,0,19,0,1,1
"2193",61,0,0,22,0,1,1
"2194",61,0,0,22,0,1,1
"2195",61,0,0,16,0,1,1
"2196",61,0,0,10,0,1,1
"2197",61,0,0,8,0,1,1
"2198",61,0,0,1,2,1,1
"2199",61,0,0,31,3,1,1
"2200",61,0,0,7,1,1,1
"2201",61,0,0,0,2,1,1
"2202",61,0,0,1,2,1,1
"2203",61,0,0,4,5,1,1
"2204",61,0,0,7,4,1,1
"2205",61,0,0,18,67,1,1
"2206",61,0,0,0,0,1,1
"2207",61,0,0,14,0,1,1
"2208",61,0,0,27,0,1,1
"2209",61,0,0,36,0,1,1
"2210",61,0,0,2,2,1,1
"2211",61,0,0,10,15,1,1
"2212",61,0,0,5,0,1,1
"2213",61,0,0,5,0,1,1
"2214",61,0,0,2,0,1,1
"2215",61,0,0,1,0,1,1
"2216",61,0,0,9,0,1,1
"2217",61,0,0,9,0,1,1
"2218",61,0,0,20,0,1,1
"2219",61,0,0,15,0,1,1
"2220",61,0,0,14,0,1,1
"2221",61,0,0,1,23,1,1
"2222",61,0,0,1,23,1,1
"2223",61,0,0,2,0,1,1
"2224",61,0,0,30,0,1,1
"2225",61,0,0,27,0,1,1
"2226",61,0,0,15,0,1,1
"2227",61,0,0,17,0,1,1
"2228",61,0,0,17,0,1,1
"2229",61,0,0,19,0,1,1
"2230",61,0,0,17,0,1,1
"2231",61,0,0,25,0,1,1
"2232",61,0,0,19,0,1,1
"2233",61,0,0,44,0,1,1
"2234",61,0,0,73,0,1,1
"2235",61,0,0,70,385,1,1
"2236",61,0,0,68,396,1,1
"2237",61,0,0,62,500,1,1
"2238",61,0,0,24,590,1,1
"2239",61,0,0,9,34,1,1
"2240",61,0,0,10,34,1,1
"2241",61,0,0,1,100,1,1
"2242",61,0,0,1,120,1,1
"2243",61,0,0,9,0,1,1
"2244",61,0,0,9,1,1,1
"2245",61,0,0,9,16,1,1
"2246",61,0,0,1,169,1,1
"2247",61,0,0,4,170,1,1
"2248",61,0,0,20,127,1,1
"2249",61,0,0,0,37,1,1
"2250",61,0,0,9,80,1,1
"2251",61,0,0,10,86,1,1
"2252",61,0,0,9,16,1,1
"2253",61,0,0,8,50,1,1
"2254",61,0,0,7,100,1,1
"2255",61,0,0,4,117,1,1
"2256",61,0,0,3,182,1,1
"2257",61,0,0,3,110,1,1
"2258",61,0,0,22,7,1,1
"2259",61,0,0,40,0,1,1
"2260",61,0,0,21,156,1,1
"2261",61,0,0,3,199,1,1
"2262",61,0,0,0,168,1,1
"2263",61,0,0,0,134,1,1
"2264",61,0,0,6,151,1,1
"2265",61,0,0,19,83,1,1
"2266",61,0,0,22,4,1,1
"2267",61,0,0,4,142,1,1
"2268",61,0,0,7,190,1,1
"2269",61,0,0,0,248,1,1
"2270",61,0,0,1,277,1,1
"2271",61,0,0,1,264,1,1
"2272",61,0,0,6,74,1,1
"2273",61,0,0,12,173,1,1
"2274",61,0,0,11,173,1,1
"2275",61,0,0,11,173,1,1
"2276",61,0,0,5,98,1,1
"2277",61,0,0,6,169,1,1
"2278",61,0,0,16,175,1,1
"2279",61,0,0,14,51,1,1
"2280",61,0,0,2,132,1,1
"2281",62,0,0,0,0,0,1.73205080756888
"2282",62,0,0,1,0,0,1.73205080756888
"2283",62,0,0,0,0,0,1.73205080756888
"2284",62,0,0,0,0,0,1.73205080756888
"2285",62,0,0,0,0,0,1.73205080756888
"2286",62,0,0,0,0,0,1.73205080756888
"2287",62,0,0,0,0,0,1.73205080756888
"2288",62,0,0,0,0,0,1.73205080756888
"2289",62,0,0,4,0,0,1.73205080756888
"2290",62,0,0,0,0,0,1.73205080756888
"2291",62,0,0,0,0,0,1.73205080756888
"2292",62,0,0,0,0,0,1.73205080756888
"2293",62,0,0,0,0,0,1.73205080756888
"2294",62,0,0,0,0,0,1.73205080756888
"2295",62,0,0,0,0,0,1.73205080756888
"2296",62,0,0,0,0,0,1.73205080756888
"2297",62,0,0,0,0,0,1.73205080756888
"2298",62,0,0,0,0,0,1.73205080756888
"2299",62,0,0,0,0,0,1.73205080756888
"2300",62,0,0,0,0,0,1.73205080756888
"2301",62,0,0,0,0,0,1.73205080756888
"2302",62,0,0,0,0,0,1.73205080756888
"2303",62,0,0,0,0,0,1.73205080756888
"2304",62,0,0,0,0,0,1.73205080756888
"2305",62,0,0,0,0,0,1.73205080756888
"2306",62,0,0,0,0,0,1.73205080756888
"2307",62,0,0,0,0,0,1.73205080756888
"2308",62,0,0,0,0,0,1.73205080756888
"2309",62,0,0,0,0,0,1.73205080756888
"2310",62,0,0,0,0,0,1.73205080756888
"2311",62,0,0,0,0,0,1.73205080756888
"2312",62,0,0,0,0,0,1.73205080756888
"2313",62,0,0,0,0,0,1.73205080756888
"2314",62,0,0,1,0,0,1.73205080756888
"2315",62,0,0,0,0,0,1.73205080756888
"2316",62,0,0,0,0,0,1.73205080756888
"2317",62,0,0,0,0,0,1.73205080756888
"2318",62,0,0,0,0,0,1.73205080756888
"2319",62,0,0,1,0,0,1.73205080756888
"2320",62,0,0,0,0,0,1.73205080756888
"2321",62,0,0,0,0,0,1.73205080756888
"2322",62,0,0,0,0,0,1.73205080756888
"2323",62,0,0,0,0,0,1.73205080756888
"2324",62,0,0,0,0,0,1.73205080756888
"2325",62,0,0,0,0,0,1.73205080756888
"2326",62,0,0,0,0,0,1.73205080756888
"2327",62,0,0,0,0,0,1.73205080756888
"2328",62,0,0,0,0,0,1.73205080756888
"2329",63,0,0,0,0,1,2.23606797749979
"2330",63,0,0,2,0,1,2.23606797749979
"2331",63,0,0,0,0,1,2.23606797749979
"2332",63,0,0,0,0,1,2.23606797749979
"2333",63,0,0,2,0,1,2.23606797749979
"2334",63,0,0,0,0,1,2.23606797749979
"2335",63,0,0,0,0,1,2.23606797749979
"2336",63,0,0,1,0,1,2.23606797749979
"2337",63,0,0,0,0,1,2.23606797749979
"2338",63,0,0,2,0,1,2.23606797749979
"2339",63,0,0,0,0,1,2.23606797749979
"2340",63,0,0,0,0,1,2.23606797749979
"2341",63,0,0,0,0,1,2.23606797749979
"2342",63,0,0,3,0,1,2.23606797749979
"2343",63,0,0,0,0,1,2.23606797749979
"2344",63,0,0,0,0,1,2.23606797749979
"2345",63,0,0,0,0,1,2.23606797749979
"2346",63,0,0,0,0,1,2.23606797749979
"2347",63,0,0,1,0,1,2.23606797749979
"2348",63,0,0,1,0,1,2.23606797749979
"2349",63,0,0,0,0,1,2.23606797749979
"2350",63,0,0,0,0,1,2.23606797749979
"2351",63,0,0,1,0,1,2.23606797749979
"2352",63,0,0,0,0,1,2.23606797749979
"2353",63,0,0,1,0,1,2.23606797749979
"2354",63,0,0,0,0,1,2.23606797749979
"2355",63,0,0,0,0,1,2.23606797749979
"2356",63,0,0,0,0,1,2.23606797749979
"2357",63,0,0,0,0,1,2.23606797749979
"2358",63,0,0,0,0,1,2.23606797749979
"2359",63,0,0,0,0,1,2.23606797749979
"2360",63,0,0,1,0,1,2.23606797749979
"2361",63,0,0,0,0,1,2.23606797749979
"2362",63,0,0,0,0,1,2.23606797749979
"2363",63,0,0,0,0,1,2.23606797749979
"2364",63,0,0,0,0,1,2.23606797749979
"2365",63,0,0,3,0,1,2.23606797749979
"2366",64,1,1,0,0,0,1
"2367",64,0,1,0,0,0,1
"2368",64,1,0,0,0,0,1
"2369",64,1,0,0,0,0,1
"2370",64,0,1,0,0,0,1
"2371",64,0,1,2,0,0,1
"2372",64,1,0,3,0,0,1
"2373",64,0,0,3,0,0,1
"2374",64,0,0,1,0,0,1
"2375",64,0,0,1,0,0,1
"2376",64,1,0,1,0,0,1
"2377",64,0,1,7,0,0,1
"2378",64,0,0,0,0,0,1
"2379",64,0,0,0,0,0,1
"2380",64,0,0,0,0,0,1
"2381",64,0,1,0,0,0,1
"2382",64,0,0,0,0,0,1
"2383",64,1,0,0,0,0,1
"2384",64,0,1,0,0,0,1
"2385",64,1,0,0,0,0,1
"2386",64,0,1,0,0,0,1
"2387",64,0,0,0,0,0,1
"2388",64,0,0,0,0,0,1
"2389",64,0,0,0,0,0,1
"2390",64,0,0,0,0,0,1
"2391",64,0,0,3,0,0,1
"2392",64,0,0,3,0,0,1
"2393",64,0,0,0,0,0,1
"2394",64,0,0,0,0,0,1
"2395",64,0,0,0,0,0,1
"2396",64,0,0,0,0,0,1
"2397",64,1,0,0,0,0,1
"2398",64,0,1,0,0,0,1
"2399",64,0,0,0,0,0,1
"2400",64,0,0,0,0,0,1
"2401",64,0,0,0,0,0,1
"2402",64,0,0,0,0,0,1
"2403",66,0,0,0,0,0,1.4142135623731
"2404",66,0,0,0,0,0,1.4142135623731
"2405",66,0,0,0,0,0,1.4142135623731
"2406",66,0,0,0,0,0,1.4142135623731
"2407",66,0,0,0,0,0,1.4142135623731
"2408",66,0,0,0,0,0,1.4142135623731
"2409",66,0,0,0,0,0,1.4142135623731
"2410",66,0,0,0,0,0,1.4142135623731
"2411",67,0,0,0,95,1,2.64575131106459
"2412",67,0,0,0,110,1,2.64575131106459
"2413",67,0,0,0,43,1,2.64575131106459
"2414",67,0,0,0,69,1,2.64575131106459
"2415",67,0,0,0,1,1,2.64575131106459
"2416",67,0,0,0,0,1,2.64575131106459
"2417",67,0,0,0,0,1,2.64575131106459
"2418",67,0,0,0,3,1,2.64575131106459
"2419",67,0,0,0,0,1,2.64575131106459
"2420",67,0,0,0,1,1,2.64575131106459
"2421",67,0,0,0,1,1,2.64575131106459
"2422",67,0,0,0,0,1,2.64575131106459
"2423",67,0,0,0,35,1,2.64575131106459
"2424",67,0,0,0,12,1,2.64575131106459
"2425",67,0,0,0,110,1,2.64575131106459
"2426",67,0,0,0,75,1,2.64575131106459
"2427",67,0,0,0,3,1,2.64575131106459
"2428",67,0,0,0,2,1,2.64575131106459
"2429",67,0,0,0,2,1,2.64575131106459
"2430",67,0,0,0,0,1,2.64575131106459
"2431",67,0,0,0,0,1,2.64575131106459
"2432",67,0,0,0,39,1,2.64575131106459
"2433",67,0,0,0,83,1,2.64575131106459
"2434",67,0,0,0,95,1,2.64575131106459
"2435",67,0,0,0,74,1,2.64575131106459
"2436",67,0,0,0,2,1,2.64575131106459
"2437",67,0,0,0,38,1,2.64575131106459
"2438",67,0,0,0,0,1,2.64575131106459
"2439",67,0,0,0,0,1,2.64575131106459
"2440",67,0,0,0,0,1,2.64575131106459
"2441",67,0,0,0,52,1,2.64575131106459
"2442",67,0,0,0,4,1,2.64575131106459
"2443",67,0,0,0,0,1,2.64575131106459
"2444",67,0,0,0,17,1,2.64575131106459
"2445",67,0,0,0,24,1,2.64575131106459
"2446",67,0,0,0,47,1,2.64575131106459
"2447",67,0,0,0,69,1,2.64575131106459
"2448",67,0,0,0,45,1,2.64575131106459
"2449",67,0,0,0,1,1,2.64575131106459
"2450",67,0,0,0,22,1,2.64575131106459
"2451",67,0,0,0,18,1,2.64575131106459
"2452",67,0,0,0,22,1,2.64575131106459
"2453",67,0,0,0,14,1,2.64575131106459
"2454",67,0,0,0,76,1,2.64575131106459
"2455",67,0,0,0,66,1,2.64575131106459
"2456",67,0,0,0,141,1,2.64575131106459
"2457",67,0,0,0,30,1,2.64575131106459
"2458",67,0,0,0,0,1,2.64575131106459
"2459",68,0,0,0,0,0,4.12310562561766
"2460",68,1,0,0,17,0,4.12310562561766
"2461",68,0,1,0,88,0,4.12310562561766
"2462",68,0,0,0,3,0,4.12310562561766
"2463",68,0,0,0,90,0,4.12310562561766
"2464",68,0,0,1,115,0,4.12310562561766
"2465",68,0,0,0,29,0,4.12310562561766
"2466",68,0,0,0,6,0,4.12310562561766
"2467",68,0,0,0,1,0,4.12310562561766
"2468",68,0,0,0,10,0,4.12310562561766
"2469",68,0,0,1,11,0,4.12310562561766
"2470",68,0,0,0,41,0,4.12310562561766
"2471",68,0,0,1,37,0,4.12310562561766
"2472",68,0,0,0,35,0,4.12310562561766
"2473",68,0,0,3,81,0,4.12310562561766
"2474",68,0,0,1,34,0,4.12310562561766
"2475",68,0,0,1,52,0,4.12310562561766
"2476",68,0,0,0,58,0,4.12310562561766
"2477",68,0,0,0,84,0,4.12310562561766
"2478",68,0,0,2,0,0,4.12310562561766
"2479",68,0,0,3,0,0,4.12310562561766
"2480",68,0,0,4,0,0,4.12310562561766
"2481",68,0,0,4,0,0,4.12310562561766
"2482",68,1,0,3,0,0,4.12310562561766
"2483",68,0,1,4,0,0,4.12310562561766
"2484",68,0,0,2,0,0,4.12310562561766
"2485",68,1,0,0,86,0,4.12310562561766
"2486",68,0,1,2,117,0,4.12310562561766
"2487",68,0,0,2,92,0,4.12310562561766
"2488",68,0,0,0,26,0,4.12310562561766
"2489",68,0,0,0,30,0,4.12310562561766
"2490",68,0,0,1,10,0,4.12310562561766
"2491",68,0,0,1,76,0,4.12310562561766
"2492",68,0,0,1,88,0,4.12310562561766
"2493",68,0,0,0,104,0,4.12310562561766
"2494",68,0,0,0,10,0,4.12310562561766
"2495",69,0,0,0,0,0,2
"2496",69,0,0,0,0,0,2
"2497",69,0,0,0,0,0,2
"2498",69,0,0,0,0,0,2
"2499",69,0,0,0,0,0,2
"2500",69,0,0,0,0,0,2
"2501",69,0,0,0,0,0,2
"2502",69,0,0,0,0,0,2
"2503",69,0,0,0,0,0,2
"2504",69,0,0,0,0,0,2
"2505",69,0,0,0,0,0,2
"2506",69,0,0,0,0,0,2
"2507",69,0,0,0,0,0,2
"2508",69,0,0,0,0,0,2
"2509",69,0,0,0,0,0,2
"2510",69,0,0,0,0,0,2
"2511",69,0,0,0,0,0,2
"2512",69,0,0,0,0,0,2
"2513",69,0,0,0,0,0,2
"2514",69,0,0,0,0,0,2
"2515",69,0,0,0,0,0,2
"2516",69,0,0,0,0,0,2
"2517",69,0,0,0,0,0,2
"2518",69,0,0,0,0,0,2
"2519",69,0,0,0,0,0,2
"2520",69,0,0,0,0,0,2
"2521",69,0,0,0,0,0,2
"2522",69,0,0,0,0,0,2
"2523",69,0,0,0,0,0,2
"2524",69,0,0,0,0,0,2
"2525",69,0,0,0,0,0,2
"2526",69,0,0,0,0,0,2
"2527",69,0,0,0,0,0,2
"2528",69,0,0,0,0,0,2
"2529",69,0,0,0,0,0,2
"2530",69,0,0,0,0,0,2
"2531",69,0,0,0,0,0,2
"2532",69,0,0,0,0,0,2
"2533",69,0,0,0,0,0,2
"2534",69,0,0,0,0,0,2
"2535",69,0,0,0,0,0,2
"2536",69,0,0,0,0,0,2
"2537",69,0,0,0,0,0,2
"2538",69,0,0,0,0,0,2
"2539",69,0,0,0,0,0,2
"2540",69,0,0,0,0,0,2
"2541",69,0,0,0,0,0,2
"2542",69,0,0,0,0,0,2
"2543",69,0,0,0,0,0,2
"2544",69,0,0,0,0,0,2
"2545",69,0,0,0,0,0,2
"2546",69,0,0,0,0,0,2
"2547",69,0,0,0,0,0,2
"2548",69,0,0,0,0,0,2
"2549",69,0,0,0,0,0,2
"2550",69,0,0,0,0,0,2
"2551",69,0,0,0,0,0,2
"2552",69,0,0,0,0,0,2
"2553",69,0,0,0,0,0,2
"2554",69,0,0,0,0,0,2
"2555",69,0,0,0,0,0,2
"2556",69,0,0,0,0,0,2
"2557",69,0,0,0,0,0,2
"2558",69,0,0,0,0,0,2
"2559",69,0,0,0,0,0,2
"2560",69,0,0,0,0,0,2
"2561",69,0,0,0,0,0,2
"2562",69,0,0,0,0,0,2
"2563",69,0,0,0,0,0,2
"2564",69,0,0,0,0,0,2
"2565",69,0,0,0,0,0,2
"2566",69,0,0,0,0,0,2
"2567",69,0,0,0,0,0,2
"2568",69,0,0,0,0,0,2
"2569",70,0,0,0,89,0,1.73205080756888
"2570",70,0,0,0,1,0,1.73205080756888
"2571",70,0,0,0,1,0,1.73205080756888
"2572",70,0,0,0,2,0,1.73205080756888
"2573",70,1,0,0,2,0,1.73205080756888
"2574",70,0,1,0,3,0,1.73205080756888
"2575",70,0,0,0,0,0,1.73205080756888
"2576",70,0,0,0,0,0,1.73205080756888
"2577",70,0,0,1,0,0,1.73205080756888
"2578",70,0,0,0,2,0,1.73205080756888
"2579",70,0,0,0,1,0,1.73205080756888
"2580",70,0,0,1,0,0,1.73205080756888
"2581",70,0,0,0,0,0,1.73205080756888
"2582",70,0,0,0,0,0,1.73205080756888
"2583",70,0,0,1,14,0,1.73205080756888
"2584",70,0,0,1,109,0,1.73205080756888
"2585",70,0,0,1,247,0,1.73205080756888
"2586",70,0,0,2,307,0,1.73205080756888
"2587",70,0,0,0,86,0,1.73205080756888
"2588",70,0,0,0,7,0,1.73205080756888
"2589",70,0,0,0,47,0,1.73205080756888
"2590",70,0,0,2,119,0,1.73205080756888
"2591",70,0,0,0,24,0,1.73205080756888
"2592",70,0,0,3,301,0,1.73205080756888
"2593",70,0,0,5,14,0,1.73205080756888
"2594",70,0,0,1,228,0,1.73205080756888
"2595",70,0,0,0,37,0,1.73205080756888
"2596",70,0,0,0,113,0,1.73205080756888
"2597",70,0,0,0,7,0,1.73205080756888
"2598",70,0,0,0,0,0,1.73205080756888
"2599",70,0,0,0,0,0,1.73205080756888
"2600",70,0,0,0,1,0,1.73205080756888
"2601",70,0,0,0,0,0,1.73205080756888
"2602",70,0,0,0,0,0,1.73205080756888
"2603",70,0,0,0,0,0,1.73205080756888
"2604",70,0,0,0,0,0,1.73205080756888
"2605",70,0,0,0,0,0,1.73205080756888
"2606",70,0,0,0,0,0,1.73205080756888
"2607",70,0,0,0,99,0,1.73205080756888
"2608",70,0,0,0,87,0,1.73205080756888
"2609",70,0,0,0,37,0,1.73205080756888
"2610",70,0,0,0,10,0,1.73205080756888
"2611",70,0,0,0,0,0,1.73205080756888
"2612",70,0,0,1,2,0,1.73205080756888
"2613",70,0,0,0,3,0,1.73205080756888
"2614",70,0,0,0,11,0,1.73205080756888
"2615",70,0,0,0,0,0,1.73205080756888
"2616",70,0,0,0,11,0,1.73205080756888
"2617",70,0,0,0,11,0,1.73205080756888
"2618",70,0,0,0,24,0,1.73205080756888
"2619",70,0,0,0,0,0,1.73205080756888
"2620",70,0,0,0,28,0,1.73205080756888
"2621",70,0,0,0,1,0,1.73205080756888
"2622",70,0,0,0,2,0,1.73205080756888
"2623",70,0,0,0,23,0,1.73205080756888
"2624",70,0,0,1,0,0,1.73205080756888
"2625",70,0,0,1,1,0,1.73205080756888
"2626",70,0,0,0,11,0,1.73205080756888
"2627",70,0,0,0,15,0,1.73205080756888
"2628",70,0,0,0,14,0,1.73205080756888
"2629",70,0,0,0,0,0,1.73205080756888
"2630",70,0,0,0,0,0,1.73205080756888
"2631",70,0,0,0,0,0,1.73205080756888
"2632",70,0,0,0,0,0,1.73205080756888
"2633",70,0,0,0,3,0,1.73205080756888
"2634",70,0,0,0,133,0,1.73205080756888
"2635",70,0,0,0,196,0,1.73205080756888
"2636",70,0,0,0,179,0,1.73205080756888
"2637",70,0,0,0,0,0,1.73205080756888
"2638",70,0,0,0,21,0,1.73205080756888
"2639",70,0,0,0,6,0,1.73205080756888
"2640",70,0,0,0,6,0,1.73205080756888
"2641",70,0,0,0,1,0,1.73205080756888
"2642",70,0,0,0,1,0,1.73205080756888
"2643",70,0,0,0,2,0,1.73205080756888
"2644",70,0,0,0,31,0,1.73205080756888
"2645",70,0,0,0,29,0,1.73205080756888
"2646",70,0,0,0,29,0,1.73205080756888
"2647",70,0,0,0,19,0,1.73205080756888
"2648",70,0,0,0,19,0,1.73205080756888
"2649",70,0,0,0,0,0,1.73205080756888
"2650",70,0,0,1,0,0,1.73205080756888
"2651",70,0,0,1,0,0,1.73205080756888
"2652",70,0,0,0,0,0,1.73205080756888
"2653",70,0,0,0,0,0,1.73205080756888
"2654",70,0,0,0,0,0,1.73205080756888
"2655",70,0,0,0,0,0,1.73205080756888
"2656",70,0,0,0,0,0,1.73205080756888
"2657",70,0,0,0,5,0,1.73205080756888
"2658",70,0,0,0,0,0,1.73205080756888
"2659",70,0,0,0,1,0,1.73205080756888
"2660",70,0,0,0,0,0,1.73205080756888
"2661",70,0,0,1,1,0,1.73205080756888
"2662",70,0,0,1,7,0,1.73205080756888
"2663",70,0,0,0,0,0,1.73205080756888
"2664",70,0,0,0,1,0,1.73205080756888
"2665",70,0,0,0,22,0,1.73205080756888
"2666",70,0,0,0,30,0,1.73205080756888
"2667",70,0,0,0,30,0,1.73205080756888
"2668",70,0,0,0,124,0,1.73205080756888
"2669",70,0,0,0,15,0,1.73205080756888
"2670",70,0,0,0,3,0,1.73205080756888
"2671",70,0,0,0,3,0,1.73205080756888
"2672",70,0,0,0,1,0,1.73205080756888
"2673",70,0,0,0,2,0,1.73205080756888
"2674",70,0,0,0,2,0,1.73205080756888
"2675",70,0,0,0,8,0,1.73205080756888
"2676",70,0,0,0,2,0,1.73205080756888
"2677",70,0,0,0,1,0,1.73205080756888
"2678",70,0,0,0,19,0,1.73205080756888
"2679",70,0,0,0,1,0,1.73205080756888
"2680",71,0,0,0,1,0,2.64575131106459
"2681",71,0,0,0,1,0,2.64575131106459
"2682",71,0,0,0,1,0,2.64575131106459
"2683",71,0,0,4,0,0,2.64575131106459
"2684",71,0,0,26,0,0,2.64575131106459
"2685",71,0,0,3,0,0,2.64575131106459
"2686",71,0,0,3,122,0,2.64575131106459
"2687",71,0,0,0,232,0,2.64575131106459
"2688",71,0,0,0,237,0,2.64575131106459
"2689",71,0,0,0,236,0,2.64575131106459
"2690",71,0,0,0,144,0,2.64575131106459
"2691",71,0,0,3,147,0,2.64575131106459
"2692",71,0,0,0,204,0,2.64575131106459
"2693",71,0,0,0,80,0,2.64575131106459
"2694",71,0,0,2,11,0,2.64575131106459
"2695",71,0,0,0,163,0,2.64575131106459
"2696",71,0,0,2,90,0,2.64575131106459
"2697",71,0,0,2,83,0,2.64575131106459
"2698",71,0,0,2,83,0,2.64575131106459
"2699",71,0,0,2,317,0,2.64575131106459
"2700",71,0,0,0,132,0,2.64575131106459
"2701",71,0,0,0,102,0,2.64575131106459
"2702",71,0,0,0,102,0,2.64575131106459
"2703",71,0,0,0,102,0,2.64575131106459
"2704",71,0,0,1,175,0,2.64575131106459
"2705",71,0,0,5,117,0,2.64575131106459
"2706",71,0,0,0,135,0,2.64575131106459
"2707",71,0,0,0,229,0,2.64575131106459
"2708",71,0,0,0,182,0,2.64575131106459
"2709",71,0,0,0,115,0,2.64575131106459
"2710",71,0,0,0,211,0,2.64575131106459
"2711",72,0,0,0,0,1,2
"2712",72,0,0,0,2,1,2
"2713",72,0,0,0,0,1,2
"2714",72,0,0,0,0,1,2
"2715",72,0,0,0,0,1,2
"2716",72,0,0,0,14,1,2
"2717",72,0,0,0,1,1,2
"2718",72,0,0,0,1,1,2
"2719",72,0,0,0,1,1,2
"2720",72,0,0,0,29,1,2
"2721",72,0,0,0,14,1,2
"2722",72,0,0,2,0,1,2
"2723",72,0,0,0,0,1,2
"2724",72,0,0,0,0,1,2
"2725",72,0,0,0,31,1,2
"2726",72,0,0,1,0,1,2
"2727",72,0,0,0,60,1,2
"2728",72,0,0,0,11,1,2
"2729",72,0,0,0,7,1,2
"2730",72,0,0,0,11,1,2
"2731",72,0,0,0,5,1,2
"2732",72,0,0,0,5,1,2
"2733",72,0,0,0,0,1,2
"2734",72,0,0,0,0,1,2
"2735",72,0,0,0,0,1,2
"2736",72,0,0,0,0,1,2
"2737",72,0,0,0,16,1,2
"2738",72,0,0,0,4,1,2
"2739",72,0,0,0,0,1,2
"2740",72,0,0,0,0,1,2
"2741",72,0,0,0,1,1,2
"2742",72,0,0,0,2,1,2
"2743",72,0,0,0,1,1,2
"2744",72,0,0,0,0,1,2
"2745",72,0,0,0,9,1,2
"2746",72,0,0,0,21,1,2
"2747",72,0,0,0,0,1,2
"2748",72,1,0,0,38,1,2
"2749",72,1,1,0,0,1,2
"2750",72,0,1,0,58,1,2
"2751",72,0,0,0,0,1,2
"2752",72,0,0,0,0,1,2
"2753",72,0,0,0,0,1,2
"2754",72,0,0,0,0,1,2
"2755",72,0,0,0,0,1,2
"2756",72,0,0,0,0,1,2
"2757",72,0,0,0,0,1,2
"2758",72,0,1,0,60,1,2
"2759",72,1,0,1,107,1,2
"2760",72,0,1,0,1,1,2
"2761",72,0,0,0,1,1,2
"2762",72,1,0,0,0,1,2
"2763",72,1,1,0,48,1,2
"2764",72,1,1,0,66,1,2
"2765",75,0,0,0,0,1,0
"2766",75,0,0,0,0,1,0
"2767",75,0,0,0,0,1,0
"2768",75,0,0,0,0,1,0
"2769",75,0,0,0,0,1,0
"2770",75,0,0,0,0,1,0
"2771",75,0,0,0,0,1,0
"2772",75,0,0,0,0,1,0
"2773",75,0,0,0,0,1,0
"2774",75,0,0,0,0,1,0
"2775",75,0,0,0,0,1,0
"2776",75,0,0,0,0,1,0
"2777",75,0,0,0,0,1,0
"2778",75,0,0,0,0,1,0
"2779",75,0,0,0,0,1,0
"2780",75,0,0,0,0,1,0
"2781",75,0,0,0,0,1,0
"2782",75,0,0,0,0,1,0
"2783",75,0,0,0,0,1,0
"2784",75,0,0,0,0,1,0
"2785",75,0,0,0,0,1,0
"2786",75,0,0,1,0,1,0
"2787",75,0,0,0,0,1,0
"2788",75,0,0,0,0,1,0
"2789",75,0,0,0,0,1,0
"2790",75,0,0,0,0,1,0
"2791",75,0,0,0,0,1,0
"2792",75,0,0,0,0,1,0
"2793",75,0,0,0,0,1,0
"2794",75,0,0,0,0,1,0
"2795",75,0,0,0,0,1,0
"2796",75,0,0,0,0,1,0
"2797",75,0,0,0,0,1,0
"2798",75,0,0,2,0,1,0
"2799",75,0,0,1,0,1,0
"2800",75,0,0,0,0,1,0
"2801",75,0,0,0,0,1,0
"2802",75,0,0,0,0,1,0
"2803",75,0,0,0,0,1,0
"2804",75,0,0,0,0,1,0
"2805",75,0,0,0,0,1,0
"2806",75,0,0,0,0,1,0
"2807",75,0,0,0,0,1,0
"2808",75,0,0,0,0,1,0
"2809",75,0,0,0,0,1,0
"2810",75,0,0,0,0,1,0
"2811",75,0,0,0,0,1,0
"2812",75,0,0,0,0,1,0
"2813",75,0,0,0,0,1,0
"2814",75,0,0,0,0,1,0
"2815",75,0,0,0,0,1,0
"2816",75,0,0,0,0,1,0
"2817",75,0,0,0,0,1,0
"2818",75,0,0,0,0,1,0
"2819",75,0,0,0,0,1,0
"2820",75,0,0,0,0,1,0
"2821",75,0,0,0,0,1,0
"2822",75,0,0,0,0,1,0
"2823",75,0,0,0,0,1,0
"2824",75,0,0,0,0,1,0
"2825",75,0,0,0,0,1,0
"2826",75,0,0,0,0,1,0
"2827",75,0,0,1,0,1,0
"2828",75,0,0,0,0,1,0
"2829",75,0,0,0,0,1,0
"2830",75,0,0,0,0,1,0
"2831",75,0,0,0,0,1,0
"2832",75,0,0,0,0,1,0
"2833",75,0,0,1,0,1,0
"2834",75,0,0,0,0,1,0
"2835",75,0,0,0,0,1,0
"2836",75,0,0,0,0,1,0
"2837",75,0,0,0,0,1,0
"2838",75,0,0,0,0,1,0
"2839",75,0,0,0,0,1,0
"2840",75,0,0,0,0,1,0
"2841",75,0,0,0,0,1,0
"2842",75,0,0,0,0,1,0
"2843",75,0,0,0,0,1,0
"2844",75,0,0,0,0,1,0
"2845",75,0,0,0,0,1,0
"2846",75,0,0,1,0,1,0
"2847",75,0,0,1,0,1,0
"2848",75,0,0,0,0,1,0
"2849",75,0,0,0,0,1,0
"2850",75,0,0,0,0,1,0
"2851",75,0,0,0,0,1,0
"2852",75,0,0,0,0,1,0
"2853",75,0,0,1,0,1,0
"2854",75,0,0,0,0,1,0
"2855",75,0,0,0,0,1,0
"2856",75,0,0,0,0,1,0
"2857",75,0,0,0,0,1,0
"2858",75,0,0,0,0,1,0
"2859",75,0,0,0,0,1,0
"2860",75,0,0,0,0,1,0
"2861",75,0,0,0,0,1,0
"2862",75,0,0,0,0,1,0
"2863",75,0,0,0,0,1,0
"2864",75,0,0,0,0,1,0
"2865",75,0,0,0,0,1,0
"2866",75,0,0,0,0,1,0
"2867",75,0,0,0,0,1,0
"2868",75,0,0,0,0,1,0
"2869",76,0,1,1,0,1,2
"2870",76,0,0,0,0,1,2
"2871",76,0,0,3,0,1,2
"2872",76,0,0,3,0,1,2
"2873",76,0,0,0,0,1,2
"2874",76,0,0,0,0,1,2
"2875",76,0,0,0,0,1,2
"2876",76,0,0,0,0,1,2
"2877",76,0,0,2,0,1,2
"2878",76,1,0,0,0,1,2
"2879",76,1,1,0,0,1,2
"2880",76,0,1,1,0,1,2
"2881",76,1,0,0,0,1,2
"2882",76,1,1,0,0,1,2
"2883",76,0,0,1,0,1,2
"2884",76,0,0,1,0,1,2
"2885",76,0,0,0,0,1,2
"2886",76,0,0,2,0,1,2
"2887",76,0,0,0,0,1,2
"2888",76,0,0,0,0,1,2
"2889",76,0,0,0,0,1,2
"2890",76,0,0,0,0,1,2
"2891",76,0,0,0,0,1,2
"2892",76,0,0,0,0,1,2
"2893",76,0,0,2,0,1,2
"2894",76,0,0,2,0,1,2
"2895",76,0,0,0,0,1,2
"2896",76,0,0,0,0,1,2
"2897",76,0,0,0,0,1,2
"2898",76,0,0,0,0,1,2
"2899",76,0,0,0,0,1,2
"2900",76,0,0,0,0,1,2
"2901",76,1,0,1,0,1,2
"2902",76,0,1,2,0,1,2
"2903",76,1,1,2,0,1,2
"2904",76,0,1,1,0,1,2
"2905",76,1,0,2,0,1,2
"2906",76,1,1,0,0,1,2
"2907",76,1,0,1,0,1,2
"2908",76,0,1,0,0,1,2
"2909",76,0,1,0,0,1,2
"2910",76,0,0,0,0,1,2
"2911",76,0,0,0,0,1,2
"2912",76,0,0,1,0,1,2
"2913",76,1,0,0,0,1,2
"2914",76,0,1,0,0,1,2
"2915",76,1,0,0,0,1,2
"2916",76,1,0,0,0,1,2
"2917",76,0,0,0,0,1,2
"2918",76,0,0,0,0,1,2
"2919",76,0,0,0,0,1,2
"2920",76,0,0,2,0,1,2
"2921",76,0,0,1,0,1,2
"2922",76,0,0,0,0,1,2
"2923",76,0,0,0,0,1,2
"2924",76,0,0,0,0,1,2
"2925",76,0,0,0,0,1,2
"2926",76,0,0,0,0,1,2
"2927",76,0,0,1,0,1,2
"2928",76,0,0,0,0,1,2
"2929",76,0,0,0,0,1,2
"2930",76,0,0,0,0,1,2
"2931",76,0,0,0,0,1,2
"2932",76,0,0,0,0,1,2
"2933",76,0,0,0,0,1,2
"2934",76,0,0,0,0,1,2
"2935",76,0,0,0,0,1,2
"2936",76,0,0,0,0,1,2
"2937",76,0,0,0,0,1,2
"2938",76,0,0,0,0,1,2
"2939",76,0,0,0,0,1,2
"2940",76,0,0,0,0,1,2
"2941",76,0,0,0,0,1,2
"2942",76,0,0,0,0,1,2
"2943",76,0,0,0,0,1,2
"2944",76,1,0,0,0,1,2
"2945",77,0,0,1,0,1,2.23606797749979
"2946",77,0,0,2,0,1,2.23606797749979
"2947",77,0,0,5,0,1,2.23606797749979
"2948",77,0,1,5,0,1,2.23606797749979
"2949",77,0,0,0,0,1,2.23606797749979
"2950",77,0,0,0,0,1,2.23606797749979
"2951",77,0,0,1,2,1,2.23606797749979
"2952",77,0,0,1,2,1,2.23606797749979
"2953",77,0,0,0,0,1,2.23606797749979
"2954",77,1,0,0,0,1,2.23606797749979
"2955",77,1,1,1,0,1,2.23606797749979
"2956",77,1,1,0,0,1,2.23606797749979
"2957",77,1,1,0,0,1,2.23606797749979
"2958",77,0,1,4,0,1,2.23606797749979
"2959",77,1,0,1,1,1,2.23606797749979
"2960",77,0,0,0,2,1,2.23606797749979
"2961",77,0,0,1,0,1,2.23606797749979
"2962",77,0,0,1,0,1,2.23606797749979
"2963",77,0,0,0,0,1,2.23606797749979
"2964",77,1,0,0,0,1,2.23606797749979
"2965",77,1,1,2,0,1,2.23606797749979
"2966",77,0,1,3,0,1,2.23606797749979
"2967",77,0,0,2,0,1,2.23606797749979
"2968",78,0,0,0,0,1,1.4142135623731
"2969",78,0,0,0,0,1,1.4142135623731
"2970",78,0,0,0,0,1,1.4142135623731
"2971",78,0,0,0,0,1,1.4142135623731
"2972",78,0,0,0,0,1,1.4142135623731
"2973",78,1,0,0,0,1,1.4142135623731
"2974",78,1,0,0,0,1,1.4142135623731
"2975",78,0,1,0,0,1,1.4142135623731
"2976",78,0,1,0,0,1,1.4142135623731
"2977",78,0,0,0,0,1,1.4142135623731
"2978",78,1,0,0,0,1,1.4142135623731
"2979",78,0,1,0,0,1,1.4142135623731
"2980",78,0,0,0,0,1,1.4142135623731
"2981",78,0,0,0,0,1,1.4142135623731
"2982",78,0,0,0,0,1,1.4142135623731
"2983",78,0,0,0,0,1,1.4142135623731
"2984",78,0,0,0,0,1,1.4142135623731
"2985",78,0,0,0,0,1,1.4142135623731
"2986",78,0,0,0,0,1,1.4142135623731
"2987",78,0,0,0,0,1,1.4142135623731
"2988",78,0,0,0,0,1,1.4142135623731
"2989",78,0,0,0,0,1,1.4142135623731
"2990",78,0,0,0,0,1,1.4142135623731
"2991",78,0,0,0,0,1,1.4142135623731
"2992",78,0,0,0,0,1,1.4142135623731
"2993",78,0,0,0,0,1,1.4142135623731
"2994",78,0,0,0,0,1,1.4142135623731
"2995",78,0,0,0,0,1,1.4142135623731
"2996",78,0,0,0,0,1,1.4142135623731
"2997",78,0,0,0,0,1,1.4142135623731
"2998",78,0,0,0,0,1,1.4142135623731
"2999",78,0,0,0,0,1,1.4142135623731
"3000",78,0,0,0,0,1,1.4142135623731
"3001",79,0,0,0,0,0,2.82842712474619
"3002",79,0,0,0,0,0,2.82842712474619
"3003",79,0,0,0,0,0,2.82842712474619
"3004",79,0,0,3,0,0,2.82842712474619
"3005",79,0,0,0,0,0,2.82842712474619
"3006",79,0,0,0,0,0,2.82842712474619
"3007",79,0,0,0,0,0,2.82842712474619
"3008",79,0,0,1,0,0,2.82842712474619
"3009",79,0,0,0,0,0,2.82842712474619
"3010",79,0,0,0,0,0,2.82842712474619
"3011",79,0,0,0,0,0,2.82842712474619
"3012",79,0,0,0,0,0,2.82842712474619
"3013",79,0,0,0,0,0,2.82842712474619
"3014",79,0,0,0,0,0,2.82842712474619
"3015",79,0,0,1,0,0,2.82842712474619
"3016",79,0,0,1,0,0,2.82842712474619
"3017",79,0,0,1,0,0,2.82842712474619
"3018",79,0,0,0,0,0,2.82842712474619
"3019",79,0,0,0,0,0,2.82842712474619
"3020",79,0,0,0,0,0,2.82842712474619
"3021",79,0,0,0,0,0,2.82842712474619
"3022",79,0,0,0,0,0,2.82842712474619
"3023",79,0,0,0,0,0,2.82842712474619
"3024",79,0,0,1,0,0,2.82842712474619
"3025",79,0,0,0,0,0,2.82842712474619
"3026",79,0,0,0,0,0,2.82842712474619
"3027",79,0,0,0,0,0,2.82842712474619
"3028",79,0,0,0,0,0,2.82842712474619
"3029",79,0,0,4,0,0,2.82842712474619
"3030",79,0,0,0,0,0,2.82842712474619
"3031",79,0,0,0,0,0,2.82842712474619
"3032",79,0,0,0,0,0,2.82842712474619
"3033",79,0,0,0,0,0,2.82842712474619
"3034",79,0,0,0,0,0,2.82842712474619
"3035",79,0,0,0,0,0,2.82842712474619
"3036",79,0,0,0,0,0,2.82842712474619
"3037",79,0,0,0,0,0,2.82842712474619
"3038",79,0,0,0,0,0,2.82842712474619
"3039",79,0,0,0,0,0,2.82842712474619
"3040",79,0,0,0,0,0,2.82842712474619
"3041",79,0,0,0,0,0,2.82842712474619
"3042",79,0,0,0,0,0,2.82842712474619
"3043",79,0,0,0,0,0,2.82842712474619
"3044",79,0,0,0,0,0,2.82842712474619
"3045",79,0,0,0,0,0,2.82842712474619
"3046",79,0,0,0,0,0,2.82842712474619
"3047",79,0,0,0,0,0,2.82842712474619
"3048",79,0,0,0,0,0,2.82842712474619
"3049",79,0,0,0,0,0,2.82842712474619
"3050",79,0,0,0,0,0,2.82842712474619
"3051",79,0,0,0,0,0,2.82842712474619
"3052",79,0,0,0,0,0,2.82842712474619
"3053",79,0,0,0,0,0,2.82842712474619
"3054",79,0,0,0,0,0,2.82842712474619
"3055",79,0,0,0,0,0,2.82842712474619
"3056",79,0,0,0,0,0,2.82842712474619
"3057",79,0,0,0,0,0,2.82842712474619
"3058",79,0,0,0,0,0,2.82842712474619
"3059",80,0,0,0,0,0,2.44948974278318
"3060",80,0,0,0,0,0,2.44948974278318
"3061",80,0,0,1,0,0,2.44948974278318
"3062",80,0,0,2,0,0,2.44948974278318
"3063",80,0,0,1,0,0,2.44948974278318
"3064",80,0,0,0,0,0,2.44948974278318
"3065",80,0,0,1,0,0,2.44948974278318
"3066",80,0,0,1,0,0,2.44948974278318
"3067",80,0,0,0,0,0,2.44948974278318
"3068",80,0,0,0,0,0,2.44948974278318
"3069",80,0,0,0,0,0,2.44948974278318
"3070",80,0,0,0,0,0,2.44948974278318
"3071",80,0,0,0,0,0,2.44948974278318
"3072",80,0,0,0,0,0,2.44948974278318
"3073",80,0,0,2,0,0,2.44948974278318
"3074",80,0,0,0,0,0,2.44948974278318
"3075",80,0,0,0,0,0,2.44948974278318
"3076",80,0,0,0,0,0,2.44948974278318
"3077",80,0,0,0,0,0,2.44948974278318
"3078",80,0,0,0,0,0,2.44948974278318
"3079",80,0,0,0,0,0,2.44948974278318
"3080",80,0,0,0,0,0,2.44948974278318
"3081",80,0,0,3,0,0,2.44948974278318
"3082",80,0,0,0,0,0,2.44948974278318
"3083",80,0,0,0,0,0,2.44948974278318
"3084",80,0,0,0,0,0,2.44948974278318
"3085",80,0,0,0,0,0,2.44948974278318
"3086",80,0,0,0,0,0,2.44948974278318
